Join_Count,TARGET_FID,JOIN_FID,OBJECTID,LINE,LABEL,PSGRS,TRIPS,DBID,SHAPE_len,District_1
1,0,0,1,Broad Street Line,Broad Street Line - 136,650 psgrs - 598 trips,136650.00000000,598.00000000,4001,59073.34950680000,Phila City Council 8
1,0,4,1,Broad Street Line,Broad Street Line - 136,650 psgrs - 598 trips,136650.00000000,598.00000000,4001,59073.34950680000,Phila City Council 9
1,0,6,1,Broad Street Line,Broad Street Line - 136,650 psgrs - 598 trips,136650.00000000,598.00000000,4001,59073.34950680000,Phila City Council 2
1,0,7,1,Broad Street Line,Broad Street Line - 136,650 psgrs - 598 trips,136650.00000000,598.00000000,4001,59073.34950680000,Phila City Council 5
1,0,9,1,Broad Street Line,Broad Street Line - 136,650 psgrs - 598 trips,136650.00000000,598.00000000,4001,59073.34950680000,Phila City Council 1
1,0,154,1,Broad Street Line,Broad Street Line - 136,650 psgrs - 598 trips,136650.00000000,598.00000000,4001,59073.34950680000,PA House 198
1,0,155,1,Broad Street Line,Broad Street Line - 136,650 psgrs - 598 trips,136650.00000000,598.00000000,4001,59073.34950680000,PA House 201
1,0,157,1,Broad Street Line,Broad Street Line - 136,650 psgrs - 598 trips,136650.00000000,598.00000000,4001,59073.34950680000,PA House 202
1,0,188,1,Broad Street Line,Broad Street Line - 136,650 psgrs - 598 trips,136650.00000000,598.00000000,4001,59073.34950680000,PA House 197
1,0,196,1,Broad Street Line,Broad Street Line - 136,650 psgrs - 598 trips,136650.00000000,598.00000000,4001,59073.34950680000,PA House 181
1,0,198,1,Broad Street Line,Broad Street Line - 136,650 psgrs - 598 trips,136650.00000000,598.00000000,4001,59073.34950680000,PA House 184
1,0,199,1,Broad Street Line,Broad Street Line - 136,650 psgrs - 598 trips,136650.00000000,598.00000000,4001,59073.34950680000,PA House 185
1,0,206,1,Broad Street Line,Broad Street Line - 136,650 psgrs - 598 trips,136650.00000000,598.00000000,4001,59073.34950680000,PA House 175
1,0,211,1,Broad Street Line,Broad Street Line - 136,650 psgrs - 598 trips,136650.00000000,598.00000000,4001,59073.34950680000,PA House 182
1,0,212,1,Broad Street Line,Broad Street Line - 136,650 psgrs - 598 trips,136650.00000000,598.00000000,4001,59073.34950680000,PA House 186
1,0,217,1,Broad Street Line,Broad Street Line - 136,650 psgrs - 598 trips,136650.00000000,598.00000000,4001,59073.34950680000,PA Congressional 1
1,0,218,1,Broad Street Line,Broad Street Line - 136,650 psgrs - 598 trips,136650.00000000,598.00000000,4001,59073.34950680000,PA Congressional 2
1,0,234,1,Broad Street Line,Broad Street Line - 136,650 psgrs - 598 trips,136650.00000000,598.00000000,4001,59073.34950680000,PA Senatorial 8
1,0,235,1,Broad Street Line,Broad Street Line - 136,650 psgrs - 598 trips,136650.00000000,598.00000000,4001,59073.34950680000,PA Senatorial 4
1,0,236,1,Broad Street Line,Broad Street Line - 136,650 psgrs - 598 trips,136650.00000000,598.00000000,4001,59073.34950680000,PA Senatorial 3
1,0,252,1,Broad Street Line,Broad Street Line - 136,650 psgrs - 598 trips,136650.00000000,598.00000000,4001,59073.34950680000,PA Senatorial 1
