Join_Count,TARGET_FID,JOIN_FID,OBJECTID,Id,Line,MINORITY_L,PERCENT_MI,PEAK_SERVI,OFF_PEAK_S,PSGRS,TRIPS,LABEL,LENGTH,Shape_len,District,District_1
1,12,0,13,10,Chestnut Hill East,55043.08331000,0.86820000,30,60,5770.00000000,48.00000000,Chestnut Hill East - 5,770 Psgrs - 48 Trips,12.00726000,64557.06811170000,Phila City Council 8,Phila City Council 8
1,12,7,13,10,Chestnut Hill East,55043.08331000,0.86820000,30,60,5770.00000000,48.00000000,Chestnut Hill East - 5,770 Psgrs - 48 Trips,12.00726000,64557.06811170000,Phila City Council 5,Phila City Council 5
1,12,8,13,10,Chestnut Hill East,55043.08331000,0.86820000,30,60,5770.00000000,48.00000000,Chestnut Hill East - 5,770 Psgrs - 48 Trips,12.00726000,64557.06811170000,Phila City Council 3,Phila City Council 3
1,12,9,13,10,Chestnut Hill East,55043.08331000,0.86820000,30,60,5770.00000000,48.00000000,Chestnut Hill East - 5,770 Psgrs - 48 Trips,12.00726000,64557.06811170000,Phila City Council 1,Phila City Council 1
1,12,153,13,10,Chestnut Hill East,55043.08331000,0.86820000,30,60,5770.00000000,48.00000000,Chestnut Hill East - 5,770 Psgrs - 48 Trips,12.00726000,64557.06811170000,PA House 200,PA House 200
1,12,154,13,10,Chestnut Hill East,55043.08331000,0.86820000,30,60,5770.00000000,48.00000000,Chestnut Hill East - 5,770 Psgrs - 48 Trips,12.00726000,64557.06811170000,PA House 198,PA House 198
1,12,155,13,10,Chestnut Hill East,55043.08331000,0.86820000,30,60,5770.00000000,48.00000000,Chestnut Hill East - 5,770 Psgrs - 48 Trips,12.00726000,64557.06811170000,PA House 201,PA House 201
1,12,188,13,10,Chestnut Hill East,55043.08331000,0.86820000,30,60,5770.00000000,48.00000000,Chestnut Hill East - 5,770 Psgrs - 48 Trips,12.00726000,64557.06811170000,PA House 197,PA House 197
1,12,194,13,10,Chestnut Hill East,55043.08331000,0.86820000,30,60,5770.00000000,48.00000000,Chestnut Hill East - 5,770 Psgrs - 48 Trips,12.00726000,64557.06811170000,PA House 195,PA House 195
1,12,196,13,10,Chestnut Hill East,55043.08331000,0.86820000,30,60,5770.00000000,48.00000000,Chestnut Hill East - 5,770 Psgrs - 48 Trips,12.00726000,64557.06811170000,PA House 181,PA House 181
1,12,206,13,10,Chestnut Hill East,55043.08331000,0.86820000,30,60,5770.00000000,48.00000000,Chestnut Hill East - 5,770 Psgrs - 48 Trips,12.00726000,64557.06811170000,PA House 175,PA House 175
1,12,211,13,10,Chestnut Hill East,55043.08331000,0.86820000,30,60,5770.00000000,48.00000000,Chestnut Hill East - 5,770 Psgrs - 48 Trips,12.00726000,64557.06811170000,PA House 182,PA House 182
1,12,217,13,10,Chestnut Hill East,55043.08331000,0.86820000,30,60,5770.00000000,48.00000000,Chestnut Hill East - 5,770 Psgrs - 48 Trips,12.00726000,64557.06811170000,PA Congressional 1,PA Congressional 1
1,12,218,13,10,Chestnut Hill East,55043.08331000,0.86820000,30,60,5770.00000000,48.00000000,Chestnut Hill East - 5,770 Psgrs - 48 Trips,12.00726000,64557.06811170000,PA Congressional 2,PA Congressional 2
1,12,233,13,10,Chestnut Hill East,55043.08331000,0.86820000,30,60,5770.00000000,48.00000000,Chestnut Hill East - 5,770 Psgrs - 48 Trips,12.00726000,64557.06811170000,PA Senatorial 7,PA Senatorial 7
1,12,235,13,10,Chestnut Hill East,55043.08331000,0.86820000,30,60,5770.00000000,48.00000000,Chestnut Hill East - 5,770 Psgrs - 48 Trips,12.00726000,64557.06811170000,PA Senatorial 4,PA Senatorial 4
1,12,236,13,10,Chestnut Hill East,55043.08331000,0.86820000,30,60,5770.00000000,48.00000000,Chestnut Hill East - 5,770 Psgrs - 48 Trips,12.00726000,64557.06811170000,PA Senatorial 3,PA Senatorial 3
1,12,252,13,10,Chestnut Hill East,55043.08331000,0.86820000,30,60,5770.00000000,48.00000000,Chestnut Hill East - 5,770 Psgrs - 48 Trips,12.00726000,64557.06811170000,PA Senatorial 1,PA Senatorial 1
