Join_Count,TARGET_FID,JOIN_FID,OBJECTID,Id,Line,MINORITY_L,PERCENT_MI,PEAK_SERVI,OFF_PEAK_S,PSGRS,TRIPS,LABEL,LENGTH,Shape_len,District,District_1
1,10,0,11,12,Chestnut Hill West,39727.63532000,0.62984000,30,60,5596.00000000,50.00000000,Chestnut Hill West - 5,596 Psgrs - 50 Trips,11.94607000,62418.33477270000,Phila City Council 8,Phila City Council 8
1,10,1,11,12,Chestnut Hill West,39727.63532000,0.62984000,30,60,5596.00000000,50.00000000,Chestnut Hill West - 5,596 Psgrs - 50 Trips,11.94607000,62418.33477270000,Phila City Council 4,Phila City Council 4
1,10,7,11,12,Chestnut Hill West,39727.63532000,0.62984000,30,60,5596.00000000,50.00000000,Chestnut Hill West - 5,596 Psgrs - 50 Trips,11.94607000,62418.33477270000,Phila City Council 5,Phila City Council 5
1,10,8,11,12,Chestnut Hill West,39727.63532000,0.62984000,30,60,5596.00000000,50.00000000,Chestnut Hill West - 5,596 Psgrs - 50 Trips,11.94607000,62418.33477270000,Phila City Council 3,Phila City Council 3
1,10,153,11,12,Chestnut Hill West,39727.63532000,0.62984000,30,60,5596.00000000,50.00000000,Chestnut Hill West - 5,596 Psgrs - 50 Trips,11.94607000,62418.33477270000,PA House 200,PA House 200
1,10,154,11,12,Chestnut Hill West,39727.63532000,0.62984000,30,60,5596.00000000,50.00000000,Chestnut Hill West - 5,596 Psgrs - 50 Trips,11.94607000,62418.33477270000,PA House 198,PA House 198
1,10,155,11,12,Chestnut Hill West,39727.63532000,0.62984000,30,60,5596.00000000,50.00000000,Chestnut Hill West - 5,596 Psgrs - 50 Trips,11.94607000,62418.33477270000,PA House 201,PA House 201
1,10,188,11,12,Chestnut Hill West,39727.63532000,0.62984000,30,60,5596.00000000,50.00000000,Chestnut Hill West - 5,596 Psgrs - 50 Trips,11.94607000,62418.33477270000,PA House 197,PA House 197
1,10,192,11,12,Chestnut Hill West,39727.63532000,0.62984000,30,60,5596.00000000,50.00000000,Chestnut Hill West - 5,596 Psgrs - 50 Trips,11.94607000,62418.33477270000,PA House 190,PA House 190
1,10,194,11,12,Chestnut Hill West,39727.63532000,0.62984000,30,60,5596.00000000,50.00000000,Chestnut Hill West - 5,596 Psgrs - 50 Trips,11.94607000,62418.33477270000,PA House 195,PA House 195
1,10,211,11,12,Chestnut Hill West,39727.63532000,0.62984000,30,60,5596.00000000,50.00000000,Chestnut Hill West - 5,596 Psgrs - 50 Trips,11.94607000,62418.33477270000,PA House 182,PA House 182
1,10,218,11,12,Chestnut Hill West,39727.63532000,0.62984000,30,60,5596.00000000,50.00000000,Chestnut Hill West - 5,596 Psgrs - 50 Trips,11.94607000,62418.33477270000,PA Congressional 2,PA Congressional 2
1,10,233,11,12,Chestnut Hill West,39727.63532000,0.62984000,30,60,5596.00000000,50.00000000,Chestnut Hill West - 5,596 Psgrs - 50 Trips,11.94607000,62418.33477270000,PA Senatorial 7,PA Senatorial 7
1,10,235,11,12,Chestnut Hill West,39727.63532000,0.62984000,30,60,5596.00000000,50.00000000,Chestnut Hill West - 5,596 Psgrs - 50 Trips,11.94607000,62418.33477270000,PA Senatorial 4,PA Senatorial 4
1,10,236,11,12,Chestnut Hill West,39727.63532000,0.62984000,30,60,5596.00000000,50.00000000,Chestnut Hill West - 5,596 Psgrs - 50 Trips,11.94607000,62418.33477270000,PA Senatorial 3,PA Senatorial 3
1,10,252,11,12,Chestnut Hill West,39727.63532000,0.62984000,30,60,5596.00000000,50.00000000,Chestnut Hill West - 5,596 Psgrs - 50 Trips,11.94607000,62418.33477270000,PA Senatorial 1,PA Senatorial 1
