Join_Count,TARGET_FID,JOIN_FID,OBJECTID,Id,Line,MINORITY_L,PERCENT_MI,PEAK_SERVI,OFF_PEAK_S,PSGRS,TRIPS,LABEL,LENGTH,Shape_len,District,District_1
1,7,1,8,8,Cynwyd,18877.55060000,0.57632000,30,60,606.00000000,21.00000000,Cynwyd - 606 Psgrs - 21 Trips,6.20356000,32330.64050250000,Phila City Council 4,Phila City Council 4
1,7,7,8,8,Cynwyd,18877.55060000,0.57632000,30,60,606.00000000,21.00000000,Cynwyd - 606 Psgrs - 21 Trips,6.20356000,32330.64050250000,Phila City Council 5,Phila City Council 5
1,7,8,8,8,Cynwyd,18877.55060000,0.57632000,30,60,606.00000000,21.00000000,Cynwyd - 606 Psgrs - 21 Trips,6.20356000,32330.64050250000,Phila City Council 3,Phila City Council 3
1,7,187,8,8,Cynwyd,18877.55060000,0.57632000,30,60,606.00000000,21.00000000,Cynwyd - 606 Psgrs - 21 Trips,6.20356000,32330.64050250000,PA House 194,PA House 194
1,7,191,8,8,Cynwyd,18877.55060000,0.57632000,30,60,606.00000000,21.00000000,Cynwyd - 606 Psgrs - 21 Trips,6.20356000,32330.64050250000,PA House 192,PA House 192
1,7,192,8,8,Cynwyd,18877.55060000,0.57632000,30,60,606.00000000,21.00000000,Cynwyd - 606 Psgrs - 21 Trips,6.20356000,32330.64050250000,PA House 190,PA House 190
1,7,194,8,8,Cynwyd,18877.55060000,0.57632000,30,60,606.00000000,21.00000000,Cynwyd - 606 Psgrs - 21 Trips,6.20356000,32330.64050250000,PA House 195,PA House 195
1,7,211,8,8,Cynwyd,18877.55060000,0.57632000,30,60,606.00000000,21.00000000,Cynwyd - 606 Psgrs - 21 Trips,6.20356000,32330.64050250000,PA House 182,PA House 182
1,7,218,8,8,Cynwyd,18877.55060000,0.57632000,30,60,606.00000000,21.00000000,Cynwyd - 606 Psgrs - 21 Trips,6.20356000,32330.64050250000,PA Congressional 2,PA Congressional 2
1,7,228,8,8,Cynwyd,18877.55060000,0.57632000,30,60,606.00000000,21.00000000,Cynwyd - 606 Psgrs - 21 Trips,6.20356000,32330.64050250000,PA Congressional 6,PA Congressional 6
1,7,233,8,8,Cynwyd,18877.55060000,0.57632000,30,60,606.00000000,21.00000000,Cynwyd - 606 Psgrs - 21 Trips,6.20356000,32330.64050250000,PA Senatorial 7,PA Senatorial 7
1,7,250,8,8,Cynwyd,18877.55060000,0.57632000,30,60,606.00000000,21.00000000,Cynwyd - 606 Psgrs - 21 Trips,6.20356000,32330.64050250000,PA Senatorial 17,PA Senatorial 17
1,7,252,8,8,Cynwyd,18877.55060000,0.57632000,30,60,606.00000000,21.00000000,Cynwyd - 606 Psgrs - 21 Trips,6.20356000,32330.64050250000,PA Senatorial 1,PA Senatorial 1
