Join_Count,TARGET_FID,JOIN_FID,OBJECTID,LINE,LABEL,PSGRS,TRIPS,DBID,SHAPE_len,District_1
1,1,1,2,Market-Frankford Line,Market-Frankford Line - 180,060 psgrs - 380 trips,180060.00000000,380.00000000,4002,73693.34737100000,Phila City Council 4
1,1,3,2,Market-Frankford Line,Market-Frankford Line - 180,060 psgrs - 380 trips,180060.00000000,380.00000000,4002,73693.34737100000,Phila City Council 7
1,1,5,2,Market-Frankford Line,Market-Frankford Line - 180,060 psgrs - 380 trips,180060.00000000,380.00000000,4002,73693.34737100000,Phila City Council 6
1,1,6,2,Market-Frankford Line,Market-Frankford Line - 180,060 psgrs - 380 trips,180060.00000000,380.00000000,4002,73693.34737100000,Phila City Council 2
1,1,7,2,Market-Frankford Line,Market-Frankford Line - 180,060 psgrs - 380 trips,180060.00000000,380.00000000,4002,73693.34737100000,Phila City Council 5
1,1,8,2,Market-Frankford Line,Market-Frankford Line - 180,060 psgrs - 380 trips,180060.00000000,380.00000000,4002,73693.34737100000,Phila City Council 3
1,1,9,2,Market-Frankford Line,Market-Frankford Line - 180,060 psgrs - 380 trips,180060.00000000,380.00000000,4002,73693.34737100000,Phila City Council 1
1,1,190,2,Market-Frankford Line,Market-Frankford Line - 180,060 psgrs - 380 trips,180060.00000000,380.00000000,4002,73693.34737100000,PA House 179
1,1,191,2,Market-Frankford Line,Market-Frankford Line - 180,060 psgrs - 380 trips,180060.00000000,380.00000000,4002,73693.34737100000,PA House 192
1,1,192,2,Market-Frankford Line,Market-Frankford Line - 180,060 psgrs - 380 trips,180060.00000000,380.00000000,4002,73693.34737100000,PA House 190
1,1,193,2,Market-Frankford Line,Market-Frankford Line - 180,060 psgrs - 380 trips,180060.00000000,380.00000000,4002,73693.34737100000,PA House 188
1,1,196,2,Market-Frankford Line,Market-Frankford Line - 180,060 psgrs - 380 trips,180060.00000000,380.00000000,4002,73693.34737100000,PA House 181
1,1,197,2,Market-Frankford Line,Market-Frankford Line - 180,060 psgrs - 380 trips,180060.00000000,380.00000000,4002,73693.34737100000,PA House 191
1,1,205,2,Market-Frankford Line,Market-Frankford Line - 180,060 psgrs - 380 trips,180060.00000000,380.00000000,4002,73693.34737100000,PA House 164
1,1,206,2,Market-Frankford Line,Market-Frankford Line - 180,060 psgrs - 380 trips,180060.00000000,380.00000000,4002,73693.34737100000,PA House 175
1,1,207,2,Market-Frankford Line,Market-Frankford Line - 180,060 psgrs - 380 trips,180060.00000000,380.00000000,4002,73693.34737100000,PA House 177
1,1,210,2,Market-Frankford Line,Market-Frankford Line - 180,060 psgrs - 380 trips,180060.00000000,380.00000000,4002,73693.34737100000,PA House 180
1,1,211,2,Market-Frankford Line,Market-Frankford Line - 180,060 psgrs - 380 trips,180060.00000000,380.00000000,4002,73693.34737100000,PA House 182
1,1,217,2,Market-Frankford Line,Market-Frankford Line - 180,060 psgrs - 380 trips,180060.00000000,380.00000000,4002,73693.34737100000,PA Congressional 1
1,1,218,2,Market-Frankford Line,Market-Frankford Line - 180,060 psgrs - 380 trips,180060.00000000,380.00000000,4002,73693.34737100000,PA Congressional 2
1,1,226,2,Market-Frankford Line,Market-Frankford Line - 180,060 psgrs - 380 trips,180060.00000000,380.00000000,4002,73693.34737100000,PA Congressional 7
1,1,227,2,Market-Frankford Line,Market-Frankford Line - 180,060 psgrs - 380 trips,180060.00000000,380.00000000,4002,73693.34737100000,PA Congressional 13
1,1,233,2,Market-Frankford Line,Market-Frankford Line - 180,060 psgrs - 380 trips,180060.00000000,380.00000000,4002,73693.34737100000,PA Senatorial 7
1,1,234,2,Market-Frankford Line,Market-Frankford Line - 180,060 psgrs - 380 trips,180060.00000000,380.00000000,4002,73693.34737100000,PA Senatorial 8
1,1,248,2,Market-Frankford Line,Market-Frankford Line - 180,060 psgrs - 380 trips,180060.00000000,380.00000000,4002,73693.34737100000,PA Senatorial 26
1,1,252,2,Market-Frankford Line,Market-Frankford Line - 180,060 psgrs - 380 trips,180060.00000000,380.00000000,4002,73693.34737100000,PA Senatorial 1
1,1,253,2,Market-Frankford Line,Market-Frankford Line - 180,060 psgrs - 380 trips,180060.00000000,380.00000000,4002,73693.34737100000,PA Senatorial 2
1,1,254,2,Market-Frankford Line,Market-Frankford Line - 180,060 psgrs - 380 trips,180060.00000000,380.00000000,4002,73693.34737100000,PA Senatorial 5
