Join_Count,TARGET_FID,JOIN_FID,OBJECTID,LINE,LABEL,PSGRS,TRIPS,DBID,SHAPE_len,District,District_1
1,2,80,3,Norristown Highspeed Line,Norristown Line - 8,929 psgrs - 254 trips,8929.00000000,254.00000000,4003,70524.83952830000,PA House 149,PA House 149
1,2,81,3,Norristown Highspeed Line,Norristown Line - 8,929 psgrs - 254 trips,8929.00000000,254.00000000,4003,70524.83952830000,PA House 166,PA House 166
1,2,82,3,Norristown Highspeed Line,Norristown Line - 8,929 psgrs - 254 trips,8929.00000000,254.00000000,4003,70524.83952830000,PA House 165,PA House 165
1,2,99,3,Norristown Highspeed Line,Norristown Line - 8,929 psgrs - 254 trips,8929.00000000,254.00000000,4003,70524.83952830000,PA House 150,PA House 150
1,2,205,3,Norristown Highspeed Line,Norristown Line - 8,929 psgrs - 254 trips,8929.00000000,254.00000000,4003,70524.83952830000,PA House 164,PA House 164
1,2,226,3,Norristown Highspeed Line,Norristown Line - 8,929 psgrs - 254 trips,8929.00000000,254.00000000,4003,70524.83952830000,PA Congressional 7,PA Congressional 7
1,2,228,3,Norristown Highspeed Line,Norristown Line - 8,929 psgrs - 254 trips,8929.00000000,254.00000000,4003,70524.83952830000,PA Congressional 6,PA Congressional 6
1,2,248,3,Norristown Highspeed Line,Norristown Line - 8,929 psgrs - 254 trips,8929.00000000,254.00000000,4003,70524.83952830000,PA Senatorial 26,PA Senatorial 26
1,2,250,3,Norristown Highspeed Line,Norristown Line - 8,929 psgrs - 254 trips,8929.00000000,254.00000000,4003,70524.83952830000,PA Senatorial 17,PA Senatorial 17
