Join_Count,TARGET_FID,JOIN_FID,OBJECTID,Id,Line,MINORITY_L,PERCENT_MI,PEAK_SERVI,OFF_PEAK_S,PSGRS,TRIPS,LABEL,LENGTH,Shape_len,District,District_1
1,8,0,9,9,Norristown,40881.47660000,0.39741000,30,60,10370.00000000,51.00000000,Norristown - 10,370 Psgrs - 51 Trips,19.48239000,103941.48328400000,Phila City Council 8,Phila City Council 8
1,8,1,9,9,Norristown,40881.47660000,0.39741000,30,60,10370.00000000,51.00000000,Norristown - 10,370 Psgrs - 51 Trips,19.48239000,103941.48328400000,Phila City Council 4,Phila City Council 4
1,8,7,9,9,Norristown,40881.47660000,0.39741000,30,60,10370.00000000,51.00000000,Norristown - 10,370 Psgrs - 51 Trips,19.48239000,103941.48328400000,Phila City Council 5,Phila City Council 5
1,8,8,9,9,Norristown,40881.47660000,0.39741000,30,60,10370.00000000,51.00000000,Norristown - 10,370 Psgrs - 51 Trips,19.48239000,103941.48328400000,Phila City Council 3,Phila City Council 3
1,8,9,9,9,Norristown,40881.47660000,0.39741000,30,60,10370.00000000,51.00000000,Norristown - 10,370 Psgrs - 51 Trips,19.48239000,103941.48328400000,Phila City Council 1,Phila City Council 1
1,8,79,9,9,Norristown,40881.47660000,0.39741000,30,60,10370.00000000,51.00000000,Norristown - 10,370 Psgrs - 51 Trips,19.48239000,103941.48328400000,PA House 148,PA House 148
1,8,99,9,9,Norristown,40881.47660000,0.39741000,30,60,10370.00000000,51.00000000,Norristown - 10,370 Psgrs - 51 Trips,19.48239000,103941.48328400000,PA House 150,PA House 150
1,8,100,9,9,Norristown,40881.47660000,0.39741000,30,60,10370.00000000,51.00000000,Norristown - 10,370 Psgrs - 51 Trips,19.48239000,103941.48328400000,PA House 70,PA House 70
1,8,101,9,9,Norristown,40881.47660000,0.39741000,30,60,10370.00000000,51.00000000,Norristown - 10,370 Psgrs - 51 Trips,19.48239000,103941.48328400000,PA House 61,PA House 61
1,8,153,9,9,Norristown,40881.47660000,0.39741000,30,60,10370.00000000,51.00000000,Norristown - 10,370 Psgrs - 51 Trips,19.48239000,103941.48328400000,PA House 200,PA House 200
1,8,187,9,9,Norristown,40881.47660000,0.39741000,30,60,10370.00000000,51.00000000,Norristown - 10,370 Psgrs - 51 Trips,19.48239000,103941.48328400000,PA House 194,PA House 194
1,8,188,9,9,Norristown,40881.47660000,0.39741000,30,60,10370.00000000,51.00000000,Norristown - 10,370 Psgrs - 51 Trips,19.48239000,103941.48328400000,PA House 197,PA House 197
1,8,194,9,9,Norristown,40881.47660000,0.39741000,30,60,10370.00000000,51.00000000,Norristown - 10,370 Psgrs - 51 Trips,19.48239000,103941.48328400000,PA House 195,PA House 195
1,8,196,9,9,Norristown,40881.47660000,0.39741000,30,60,10370.00000000,51.00000000,Norristown - 10,370 Psgrs - 51 Trips,19.48239000,103941.48328400000,PA House 181,PA House 181
1,8,206,9,9,Norristown,40881.47660000,0.39741000,30,60,10370.00000000,51.00000000,Norristown - 10,370 Psgrs - 51 Trips,19.48239000,103941.48328400000,PA House 175,PA House 175
1,8,211,9,9,Norristown,40881.47660000,0.39741000,30,60,10370.00000000,51.00000000,Norristown - 10,370 Psgrs - 51 Trips,19.48239000,103941.48328400000,PA House 182,PA House 182
1,8,217,9,9,Norristown,40881.47660000,0.39741000,30,60,10370.00000000,51.00000000,Norristown - 10,370 Psgrs - 51 Trips,19.48239000,103941.48328400000,PA Congressional 1,PA Congressional 1
1,8,218,9,9,Norristown,40881.47660000,0.39741000,30,60,10370.00000000,51.00000000,Norristown - 10,370 Psgrs - 51 Trips,19.48239000,103941.48328400000,PA Congressional 2,PA Congressional 2
1,8,226,9,9,Norristown,40881.47660000,0.39741000,30,60,10370.00000000,51.00000000,Norristown - 10,370 Psgrs - 51 Trips,19.48239000,103941.48328400000,PA Congressional 7,PA Congressional 7
1,8,227,9,9,Norristown,40881.47660000,0.39741000,30,60,10370.00000000,51.00000000,Norristown - 10,370 Psgrs - 51 Trips,19.48239000,103941.48328400000,PA Congressional 13,PA Congressional 13
1,8,228,9,9,Norristown,40881.47660000,0.39741000,30,60,10370.00000000,51.00000000,Norristown - 10,370 Psgrs - 51 Trips,19.48239000,103941.48328400000,PA Congressional 6,PA Congressional 6
1,8,233,9,9,Norristown,40881.47660000,0.39741000,30,60,10370.00000000,51.00000000,Norristown - 10,370 Psgrs - 51 Trips,19.48239000,103941.48328400000,PA Senatorial 7,PA Senatorial 7
1,8,236,9,9,Norristown,40881.47660000,0.39741000,30,60,10370.00000000,51.00000000,Norristown - 10,370 Psgrs - 51 Trips,19.48239000,103941.48328400000,PA Senatorial 3,PA Senatorial 3
1,8,250,9,9,Norristown,40881.47660000,0.39741000,30,60,10370.00000000,51.00000000,Norristown - 10,370 Psgrs - 51 Trips,19.48239000,103941.48328400000,PA Senatorial 17,PA Senatorial 17
1,8,252,9,9,Norristown,40881.47660000,0.39741000,30,60,10370.00000000,51.00000000,Norristown - 10,370 Psgrs - 51 Trips,19.48239000,103941.48328400000,PA Senatorial 1,PA Senatorial 1
