Join_Count,TARGET_FID,JOIN_FID,OBJECTID,Id,Line,MINORITY_L,PERCENT_MI,PEAK_SERVI,OFF_PEAK_S,PSGRS,TRIPS,LABEL,LENGTH,Shape_len,District,District_1
1,2,0,3,3,Warminster,58087.68743000,0.49496000,30,60,8139.00000000,43.00000000,Warminster - 8,139 Psgrs - 43 Trips,22.22658000,115662.93323600000,Phila City Council 8,Phila City Council 8
1,2,4,3,3,Warminster,58087.68743000,0.49496000,30,60,8139.00000000,43.00000000,Warminster - 8,139 Psgrs - 43 Trips,22.22658000,115662.93323600000,Phila City Council 9,Phila City Council 9
1,2,7,3,3,Warminster,58087.68743000,0.49496000,30,60,8139.00000000,43.00000000,Warminster - 8,139 Psgrs - 43 Trips,22.22658000,115662.93323600000,Phila City Council 5,Phila City Council 5
1,2,8,3,3,Warminster,58087.68743000,0.49496000,30,60,8139.00000000,43.00000000,Warminster - 8,139 Psgrs - 43 Trips,22.22658000,115662.93323600000,Phila City Council 3,Phila City Council 3
1,2,9,3,3,Warminster,58087.68743000,0.49496000,30,60,8139.00000000,43.00000000,Warminster - 8,139 Psgrs - 43 Trips,22.22658000,115662.93323600000,Phila City Council 1,Phila City Council 1
1,2,136,3,3,Warminster,58087.68743000,0.49496000,30,60,8139.00000000,43.00000000,Warminster - 8,139 Psgrs - 43 Trips,22.22658000,115662.93323600000,PA House 153,PA House 153
1,2,138,3,3,Warminster,58087.68743000,0.49496000,30,60,8139.00000000,43.00000000,Warminster - 8,139 Psgrs - 43 Trips,22.22658000,115662.93323600000,PA House 152,PA House 152
1,2,154,3,3,Warminster,58087.68743000,0.49496000,30,60,8139.00000000,43.00000000,Warminster - 8,139 Psgrs - 43 Trips,22.22658000,115662.93323600000,PA House 198,PA House 198
1,2,155,3,3,Warminster,58087.68743000,0.49496000,30,60,8139.00000000,43.00000000,Warminster - 8,139 Psgrs - 43 Trips,22.22658000,115662.93323600000,PA House 201,PA House 201
1,2,156,3,3,Warminster,58087.68743000,0.49496000,30,60,8139.00000000,43.00000000,Warminster - 8,139 Psgrs - 43 Trips,22.22658000,115662.93323600000,PA House 203,PA House 203
1,2,157,3,3,Warminster,58087.68743000,0.49496000,30,60,8139.00000000,43.00000000,Warminster - 8,139 Psgrs - 43 Trips,22.22658000,115662.93323600000,PA House 202,PA House 202
1,2,163,3,3,Warminster,58087.68743000,0.49496000,30,60,8139.00000000,43.00000000,Warminster - 8,139 Psgrs - 43 Trips,22.22658000,115662.93323600000,PA House 154,PA House 154
1,2,171,3,3,Warminster,58087.68743000,0.49496000,30,60,8139.00000000,43.00000000,Warminster - 8,139 Psgrs - 43 Trips,22.22658000,115662.93323600000,PA House 29,PA House 29
1,2,188,3,3,Warminster,58087.68743000,0.49496000,30,60,8139.00000000,43.00000000,Warminster - 8,139 Psgrs - 43 Trips,22.22658000,115662.93323600000,PA House 197,PA House 197
1,2,194,3,3,Warminster,58087.68743000,0.49496000,30,60,8139.00000000,43.00000000,Warminster - 8,139 Psgrs - 43 Trips,22.22658000,115662.93323600000,PA House 195,PA House 195
1,2,196,3,3,Warminster,58087.68743000,0.49496000,30,60,8139.00000000,43.00000000,Warminster - 8,139 Psgrs - 43 Trips,22.22658000,115662.93323600000,PA House 181,PA House 181
1,2,206,3,3,Warminster,58087.68743000,0.49496000,30,60,8139.00000000,43.00000000,Warminster - 8,139 Psgrs - 43 Trips,22.22658000,115662.93323600000,PA House 175,PA House 175
1,2,211,3,3,Warminster,58087.68743000,0.49496000,30,60,8139.00000000,43.00000000,Warminster - 8,139 Psgrs - 43 Trips,22.22658000,115662.93323600000,PA House 182,PA House 182
1,2,217,3,3,Warminster,58087.68743000,0.49496000,30,60,8139.00000000,43.00000000,Warminster - 8,139 Psgrs - 43 Trips,22.22658000,115662.93323600000,PA Congressional 1,PA Congressional 1
1,2,218,3,3,Warminster,58087.68743000,0.49496000,30,60,8139.00000000,43.00000000,Warminster - 8,139 Psgrs - 43 Trips,22.22658000,115662.93323600000,PA Congressional 2,PA Congressional 2
1,2,220,3,3,Warminster,58087.68743000,0.49496000,30,60,8139.00000000,43.00000000,Warminster - 8,139 Psgrs - 43 Trips,22.22658000,115662.93323600000,PA Congressional 8,PA Congressional 8
1,2,227,3,3,Warminster,58087.68743000,0.49496000,30,60,8139.00000000,43.00000000,Warminster - 8,139 Psgrs - 43 Trips,22.22658000,115662.93323600000,PA Congressional 13,PA Congressional 13
1,2,233,3,3,Warminster,58087.68743000,0.49496000,30,60,8139.00000000,43.00000000,Warminster - 8,139 Psgrs - 43 Trips,22.22658000,115662.93323600000,PA Senatorial 7,PA Senatorial 7
1,2,235,3,3,Warminster,58087.68743000,0.49496000,30,60,8139.00000000,43.00000000,Warminster - 8,139 Psgrs - 43 Trips,22.22658000,115662.93323600000,PA Senatorial 4,PA Senatorial 4
1,2,236,3,3,Warminster,58087.68743000,0.49496000,30,60,8139.00000000,43.00000000,Warminster - 8,139 Psgrs - 43 Trips,22.22658000,115662.93323600000,PA Senatorial 3,PA Senatorial 3
1,2,251,3,3,Warminster,58087.68743000,0.49496000,30,60,8139.00000000,43.00000000,Warminster - 8,139 Psgrs - 43 Trips,22.22658000,115662.93323600000,PA Senatorial 12,PA Senatorial 12
1,2,252,3,3,Warminster,58087.68743000,0.49496000,30,60,8139.00000000,43.00000000,Warminster - 8,139 Psgrs - 43 Trips,22.22658000,115662.93323600000,PA Senatorial 1,PA Senatorial 1
