Join_Count,TARGET_FID,JOIN_FID,ROUTE,OWL,MODE,DIVISION,DISTRICT,DISTRICT_2,TYPE,District_1
1,52,0,,0.000000,,,,,,Phila City Council 8
1,52,4,,0.000000,,,,,,Phila City Council 9
1,52,153,,0.000000,,,,,,PA House 200
1,52,155,,0.000000,,,,,,PA House 201
1,52,156,,0.000000,,,,,,PA House 203
1,52,157,,0.000000,,,,,,PA House 202
1,52,163,,0.000000,,,,,,PA House 154
1,52,217,,0.000000,,,,,,PA Congressional 1
1,52,218,,0.000000,,,,,,PA Congressional 2
1,52,235,,0.000000,,,,,,PA Senatorial 4
1,52,236,,0.000000,,,,,,PA Senatorial 3
