Join_Count,TARGET_FID,JOIN_FID,ROUTE,OWL,MODE,DIVISION,DISTRICT,DISTRICT_2,TYPE,District_1
1,78,0,,0.000000,,,,,,Phila City Council 8
1,78,1,,0.000000,,,,,,Phila City Council 4
1,78,4,,0.000000,,,,,,Phila City Council 9
1,78,79,,0.000000,,,,,,PA House 148
1,78,101,,0.000000,,,,,,PA House 61
1,78,153,,0.000000,,,,,,PA House 200
1,78,155,,0.000000,,,,,,PA House 201
1,78,156,,0.000000,,,,,,PA House 203
1,78,157,,0.000000,,,,,,PA House 202
1,78,163,,0.000000,,,,,,PA House 154
1,78,217,,0.000000,,,,,,PA Congressional 1
1,78,218,,0.000000,,,,,,PA Congressional 2
1,78,227,,0.000000,,,,,,PA Congressional 13
1,78,228,,0.000000,,,,,,PA Congressional 6
1,78,233,,0.000000,,,,,,PA Senatorial 7
1,78,235,,0.000000,,,,,,PA Senatorial 4
1,78,236,,0.000000,,,,,,PA Senatorial 3
1,78,250,,0.000000,,,,,,PA Senatorial 17
