Join_Count,TARGET_FID,JOIN_FID,ROUTE,OWL,MODE,DIVISION,DISTRICT,DISTRICT_2,TYPE,District_1
1,67,2,,0.000000,,,,,,Phila City Council 10
1,67,3,,0.000000,,,,,,Phila City Council 7
1,67,5,,0.000000,,,,,,Phila City Council 6
1,67,136,,0.000000,,,,,,PA House 153
1,67,138,,0.000000,,,,,,PA House 152
1,67,158,,0.000000,,,,,,PA House 170
1,67,161,,0.000000,,,,,,PA House 169
1,67,164,,0.000000,,,,,,PA House 173
1,67,165,,0.000000,,,,,,PA House 172
1,67,190,,0.000000,,,,,,PA House 179
1,67,208,,0.000000,,,,,,PA House 174
1,67,217,,0.000000,,,,,,PA Congressional 1
1,67,227,,0.000000,,,,,,PA Congressional 13
1,67,235,,0.000000,,,,,,PA Senatorial 4
1,67,236,,0.000000,,,,,,PA Senatorial 3
1,67,251,,0.000000,,,,,,PA Senatorial 12
1,67,253,,0.000000,,,,,,PA Senatorial 2
1,67,254,,0.000000,,,,,,PA Senatorial 5
