Join_Count,TARGET_FID,JOIN_FID,ROUTE,OWL,MODE,DIVISION,DISTRICT,DISTRICT_2,TYPE,District_1
1,117,1,,0.000000,,,,,,Phila City Council 4
1,117,80,,0.000000,,,,,,PA House 149
1,117,81,,0.000000,,,,,,PA House 166
1,117,82,,0.000000,,,,,,PA House 165
1,117,98,,0.000000,,,,,,PA House 157
1,117,189,,0.000000,,,,,,PA House 161
1,117,191,,0.000000,,,,,,PA House 192
1,117,204,,0.000000,,,,,,PA House 167
1,117,205,,0.000000,,,,,,PA House 164
1,117,217,,0.000000,,,,,,PA Congressional 1
1,117,226,,0.000000,,,,,,PA Congressional 7
1,117,228,,0.000000,,,,,,PA Congressional 6
1,117,233,,0.000000,,,,,,PA Senatorial 7
1,117,241,,0.000000,,,,,,PA Senatorial 19
1,117,248,,0.000000,,,,,,PA Senatorial 26
1,117,250,,0.000000,,,,,,PA Senatorial 17
