Join_Count,TARGET_FID,JOIN_FID,ROUTE,OWL,MODE,DIVISION,DISTRICT,DISTRICT_2,TYPE,District_1
1,54,1,,0.000000,,,,,,Phila City Council 4
1,54,6,,0.000000,,,,,,Phila City Council 2
1,54,7,,0.000000,,,,,,Phila City Council 5
1,54,8,,0.000000,,,,,,Phila City Council 3
1,54,9,,0.000000,,,,,,Phila City Council 1
1,54,153,,0.000000,,,,,,PA House 200
1,54,187,,0.000000,,,,,,PA House 194
1,54,192,,0.000000,,,,,,PA House 190
1,54,193,,0.000000,,,,,,PA House 188
1,54,194,,0.000000,,,,,,PA House 195
1,54,206,,0.000000,,,,,,PA House 175
1,54,211,,0.000000,,,,,,PA House 182
1,54,217,,0.000000,,,,,,PA Congressional 1
1,54,218,,0.000000,,,,,,PA Congressional 2
1,54,228,,0.000000,,,,,,PA Congressional 6
1,54,233,,0.000000,,,,,,PA Senatorial 7
1,54,236,,0.000000,,,,,,PA Senatorial 3
1,54,250,,0.000000,,,,,,PA Senatorial 17
1,54,252,,0.000000,,,,,,PA Senatorial 1
