Join_Count,TARGET_FID,JOIN_FID,ROUTE,OWL,MODE,DIVISION,DISTRICT,DISTRICT_2,TYPE,District_1
1,92,6,,0.000000,,,,,,Phila City Council 2
1,92,7,,0.000000,,,,,,Phila City Council 5
1,92,8,,0.000000,,,,,,Phila City Council 3
1,92,9,,0.000000,,,,,,Phila City Council 1
1,92,192,,0.000000,,,,,,PA House 190
1,92,193,,0.000000,,,,,,PA House 188
1,92,197,,0.000000,,,,,,PA House 191
1,92,205,,0.000000,,,,,,PA House 164
1,92,206,,0.000000,,,,,,PA House 175
1,92,211,,0.000000,,,,,,PA House 182
1,92,217,,0.000000,,,,,,PA Congressional 1
1,92,218,,0.000000,,,,,,PA Congressional 2
1,92,226,,0.000000,,,,,,PA Congressional 7
1,92,233,,0.000000,,,,,,PA Senatorial 7
1,92,234,,0.000000,,,,,,PA Senatorial 8
1,92,248,,0.000000,,,,,,PA Senatorial 26
1,92,252,,0.000000,,,,,,PA Senatorial 1
