Join_Count,TARGET_FID,JOIN_FID,ROUTE,OWL,MODE,DIVISION,DISTRICT,DISTRICT_2,TYPE,District_1
1,62,0,,0.000000,,,,,,Phila City Council 8
1,62,2,,0.000000,,,,,,Phila City Council 10
1,62,3,,0.000000,,,,,,Phila City Council 7
1,62,4,,0.000000,,,,,,Phila City Council 9
1,62,5,,0.000000,,,,,,Phila City Council 6
1,62,136,,0.000000,,,,,,PA House 153
1,62,153,,0.000000,,,,,,PA House 200
1,62,154,,0.000000,,,,,,PA House 198
1,62,157,,0.000000,,,,,,PA House 202
1,62,158,,0.000000,,,,,,PA House 170
1,62,163,,0.000000,,,,,,PA House 154
1,62,165,,0.000000,,,,,,PA House 172
1,62,208,,0.000000,,,,,,PA House 174
1,62,217,,0.000000,,,,,,PA Congressional 1
1,62,218,,0.000000,,,,,,PA Congressional 2
1,62,227,,0.000000,,,,,,PA Congressional 13
1,62,233,,0.000000,,,,,,PA Senatorial 7
1,62,235,,0.000000,,,,,,PA Senatorial 4
1,62,236,,0.000000,,,,,,PA Senatorial 3
1,62,253,,0.000000,,,,,,PA Senatorial 2
1,62,254,,0.000000,,,,,,PA Senatorial 5
