Join_Count,TARGET_FID,JOIN_FID,ROUTE,OWL,MODE,DIVISION,DISTRICT,DISTRICT_2,TYPE,District_1
1,15,101,,0.000000,,,,,,PA House 61
1,15,135,,0.000000,,,,,,PA House 151
1,15,152,,0.000000,,,,,,PA House 145
1,15,176,,0.000000,,,,,,PA House 144
1,15,203,,0.000000,,,,,,PA House 53
1,15,216,,0.000000,,,,,,PA Congressional 15
1,15,220,,0.000000,,,,,,PA Congressional 8
1,15,227,,0.000000,,,,,,PA Congressional 13
1,15,246,,0.000000,,,,,,PA Senatorial 24
1,15,249,,0.000000,,,,,,PA Senatorial 10
1,15,251,,0.000000,,,,,,PA Senatorial 12
