Join_Count,TARGET_FID,JOIN_FID,ROUTE,OWL,MODE,DIVISION,DISTRICT,DISTRICT_2,TYPE,District_1
1,93,2,,0.000000,,,,,,Phila City Council 10
1,93,3,,0.000000,,,,,,Phila City Council 7
1,93,5,,0.000000,,,,,,Phila City Council 6
1,93,92,,0.000000,,,,,,PA House 142
1,93,134,,0.000000,,,,,,PA House 140
1,93,158,,0.000000,,,,,,PA House 170
1,93,160,,0.000000,,,,,,PA House 18
1,93,161,,0.000000,,,,,,PA House 169
1,93,164,,0.000000,,,,,,PA House 173
1,93,165,,0.000000,,,,,,PA House 172
1,93,190,,0.000000,,,,,,PA House 179
1,93,208,,0.000000,,,,,,PA House 174
1,93,217,,0.000000,,,,,,PA Congressional 1
1,93,220,,0.000000,,,,,,PA Congressional 8
1,93,227,,0.000000,,,,,,PA Congressional 13
1,93,253,,0.000000,,,,,,PA Senatorial 2
1,93,254,,0.000000,,,,,,PA Senatorial 5
1,93,255,,0.000000,,,,,,PA Senatorial 6
