Join_Count,TARGET_FID,JOIN_FID,ROUTE,OWL,MODE,DIVISION,DISTRICT,DISTRICT_2,TYPE,District_1
1,57,2,,0.000000,,,,,,Phila City Council 10
1,57,5,,0.000000,,,,,,Phila City Council 6
1,57,9,,0.000000,,,,,,Phila City Council 1
1,57,161,,0.000000,,,,,,PA House 169
1,57,164,,0.000000,,,,,,PA House 173
1,57,165,,0.000000,,,,,,PA House 172
1,57,190,,0.000000,,,,,,PA House 179
1,57,227,,0.000000,,,,,,PA Congressional 13
1,57,253,,0.000000,,,,,,PA Senatorial 2
1,57,254,,0.000000,,,,,,PA Senatorial 5
