Join_Count,TARGET_FID,JOIN_FID,ROUTE,OWL,MODE,DIVISION,DISTRICT,DISTRICT_2,TYPE,District_1
1,61,0,,0.000000,,,,,,Phila City Council 8
1,61,3,,0.000000,,,,,,Phila City Council 7
1,61,4,,0.000000,,,,,,Phila City Council 9
1,61,7,,0.000000,,,,,,Phila City Council 5
1,61,154,,0.000000,,,,,,PA House 198
1,61,155,,0.000000,,,,,,PA House 201
1,61,190,,0.000000,,,,,,PA House 179
1,61,196,,0.000000,,,,,,PA House 181
1,61,207,,0.000000,,,,,,PA House 177
1,61,210,,0.000000,,,,,,PA House 180
1,61,217,,0.000000,,,,,,PA Congressional 1
1,61,218,,0.000000,,,,,,PA Congressional 2
1,61,235,,0.000000,,,,,,PA Senatorial 4
1,61,236,,0.000000,,,,,,PA Senatorial 3
1,61,253,,0.000000,,,,,,PA Senatorial 2
