JOIN_COUNT,TARGET_FID,JOIN_FID,ROUTE,OWL,MODE,DIVISION,DISTRICT,DISTRICT_2,TYPE,DISTRICT_1
1,0,0,,0.000000,,,,,,Phila City Council 8
1,0,1,,0.000000,,,,,,Phila City Council 4
1,0,2,,0.000000,,,,,,Phila City Council 10
1,0,3,,0.000000,,,,,,Phila City Council 7
1,0,4,,0.000000,,,,,,Phila City Council 9
1,0,5,,0.000000,,,,,,Phila City Council 6
1,0,7,,0.000000,,,,,,Phila City Council 5
1,0,154,,0.000000,,,,,,PA House 198
1,0,157,,0.000000,,,,,,PA House 202
1,0,158,,0.000000,,,,,,PA House 170
1,0,160,,0.000000,,,,,,PA House 18
1,0,161,,0.000000,,,,,,PA House 169
1,0,164,,0.000000,,,,,,PA House 173
1,0,165,,0.000000,,,,,,PA House 172
1,0,187,,0.000000,,,,,,PA House 194
1,0,188,,0.000000,,,,,,PA House 197
1,0,190,,0.000000,,,,,,PA House 179
1,0,191,,0.000000,,,,,,PA House 192
1,0,192,,0.000000,,,,,,PA House 190
1,0,196,,0.000000,,,,,,PA House 181
1,0,208,,0.000000,,,,,,PA House 174
1,0,210,,0.000000,,,,,,PA House 180
1,0,217,,0.000000,,,,,,PA Congressional 1
1,0,218,,0.000000,,,,,,PA Congressional 2
1,0,220,,0.000000,,,,,,PA Congressional 8
1,0,227,,0.000000,,,,,,PA Congressional 13
1,0,228,,0.000000,,,,,,PA Congressional 6
1,0,233,,0.000000,,,,,,PA Senatorial 7
1,0,236,,0.000000,,,,,,PA Senatorial 3
1,0,250,,0.000000,,,,,,PA Senatorial 17
1,0,252,,0.000000,,,,,,PA Senatorial 1
1,0,253,,0.000000,,,,,,PA Senatorial 2
1,0,254,,0.000000,,,,,,PA Senatorial 5
1,0,255,,0.000000,,,,,,PA Senatorial 6
