Join_Count,TARGET_FID,JOIN_FID,ROUTE,OWL,MODE,DIVISION,DISTRICT,DISTRICT_2,TYPE,District_1
1,122,85,,0.000000,,,,,,PA House 159
1,122,189,,0.000000,,,,,,PA House 161
1,122,195,,0.000000,,,,,,PA House 162
1,122,197,,0.000000,,,,,,PA House 191
1,122,199,,0.000000,,,,,,PA House 185
1,122,202,,0.000000,,,,,,PA House 163
1,122,205,,0.000000,,,,,,PA House 164
1,122,217,,0.000000,,,,,,PA Congressional 1
1,122,226,,0.000000,,,,,,PA Congressional 7
1,122,234,,0.000000,,,,,,PA Senatorial 8
1,122,244,,0.000000,,,,,,PA Senatorial 9
1,122,248,,0.000000,,,,,,PA Senatorial 26
