Join_Count,TARGET_FID,JOIN_FID,ROUTE,OWL,MODE,DIVISION,DISTRICT,DISTRICT_2,TYPE,District_1
1,77,0,,0.000000,,,,,,Phila City Council 8
1,77,1,,0.000000,,,,,,Phila City Council 4
1,77,3,,0.000000,,,,,,Phila City Council 7
1,77,4,,0.000000,,,,,,Phila City Council 9
1,77,7,,0.000000,,,,,,Phila City Council 5
1,77,154,,0.000000,,,,,,PA House 198
1,77,155,,0.000000,,,,,,PA House 201
1,77,156,,0.000000,,,,,,PA House 203
1,77,157,,0.000000,,,,,,PA House 202
1,77,188,,0.000000,,,,,,PA House 197
1,77,190,,0.000000,,,,,,PA House 179
1,77,207,,0.000000,,,,,,PA House 177
1,77,217,,0.000000,,,,,,PA Congressional 1
1,77,218,,0.000000,,,,,,PA Congressional 2
1,77,233,,0.000000,,,,,,PA Senatorial 7
1,77,235,,0.000000,,,,,,PA Senatorial 4
1,77,236,,0.000000,,,,,,PA Senatorial 3
1,77,253,,0.000000,,,,,,PA Senatorial 2
