Join_Count,TARGET_FID,JOIN_FID,ROUTE,OWL,MODE,DIVISION,DISTRICT,DISTRICT_2,TYPE,District_1
1,66,2,,0.000000,,,,,,Phila City Council 10
1,66,5,,0.000000,,,,,,Phila City Council 6
1,66,9,,0.000000,,,,,,Phila City Council 1
1,66,158,,0.000000,,,,,,PA House 170
1,66,161,,0.000000,,,,,,PA House 169
1,66,164,,0.000000,,,,,,PA House 173
1,66,190,,0.000000,,,,,,PA House 179
1,66,207,,0.000000,,,,,,PA House 177
1,66,220,,0.000000,,,,,,PA Congressional 8
1,66,227,,0.000000,,,,,,PA Congressional 13
1,66,253,,0.000000,,,,,,PA Senatorial 2
1,66,254,,0.000000,,,,,,PA Senatorial 5
