Join_Count,TARGET_FID,JOIN_FID,ROUTE,OWL,MODE,DIVISION,DISTRICT,DISTRICT_2,TYPE,District_1
1,55,1,,0.000000,,,,,,Phila City Council 4
1,55,6,,0.000000,,,,,,Phila City Council 2
1,55,8,,0.000000,,,,,,Phila City Council 3
1,55,9,,0.000000,,,,,,Phila City Council 1
1,55,187,,0.000000,,,,,,PA House 194
1,55,192,,0.000000,,,,,,PA House 190
1,55,193,,0.000000,,,,,,PA House 188
1,55,198,,0.000000,,,,,,PA House 184
1,55,206,,0.000000,,,,,,PA House 175
1,55,211,,0.000000,,,,,,PA House 182
1,55,212,,0.000000,,,,,,PA House 186
1,55,217,,0.000000,,,,,,PA Congressional 1
1,55,218,,0.000000,,,,,,PA Congressional 2
1,55,233,,0.000000,,,,,,PA Senatorial 7
1,55,234,,0.000000,,,,,,PA Senatorial 8
1,55,252,,0.000000,,,,,,PA Senatorial 1
