Join_Count,TARGET_FID,JOIN_FID,ROUTE,OWL,MODE,DIVISION,DISTRICT,DISTRICT_2,TYPE,District_1
1,129,1,,0.000000,,,,,,Phila City Council 4
1,129,8,,0.000000,,,,,,Phila City Council 3
1,129,79,,0.000000,,,,,,PA House 148
1,129,187,,0.000000,,,,,,PA House 194
1,129,191,,0.000000,,,,,,PA House 192
1,129,192,,0.000000,,,,,,PA House 190
1,129,193,,0.000000,,,,,,PA House 188
1,129,197,,0.000000,,,,,,PA House 191
1,129,212,,0.000000,,,,,,PA House 186
1,129,218,,0.000000,,,,,,PA Congressional 2
1,129,228,,0.000000,,,,,,PA Congressional 6
1,129,233,,0.000000,,,,,,PA Senatorial 7
1,129,234,,0.000000,,,,,,PA Senatorial 8
1,129,250,,0.000000,,,,,,PA Senatorial 17
