Join_Count,TARGET_FID,JOIN_FID,ROUTE,OWL,MODE,DIVISION,DISTRICT,DISTRICT_2,TYPE,District_1
1,68,3,,0.000000,,,,,,Phila City Council 7
1,68,5,,0.000000,,,,,,Phila City Council 6
1,68,7,,0.000000,,,,,,Phila City Council 5
1,68,9,,0.000000,,,,,,Phila City Council 1
1,68,190,,0.000000,,,,,,PA House 179
1,68,196,,0.000000,,,,,,PA House 181
1,68,206,,0.000000,,,,,,PA House 175
1,68,207,,0.000000,,,,,,PA House 177
1,68,210,,0.000000,,,,,,PA House 180
1,68,217,,0.000000,,,,,,PA Congressional 1
1,68,218,,0.000000,,,,,,PA Congressional 2
1,68,227,,0.000000,,,,,,PA Congressional 13
1,68,252,,0.000000,,,,,,PA Senatorial 1
1,68,253,,0.000000,,,,,,PA Senatorial 2
1,68,254,,0.000000,,,,,,PA Senatorial 5
