Join_Count,TARGET_FID,JOIN_FID,ROUTE,OWL,MODE,DIVISION,DISTRICT,DISTRICT_2,TYPE,District_1
1,127,79,,0.000000,,,,,,PA House 148
1,127,80,,0.000000,,,,,,PA House 149
1,127,101,,0.000000,,,,,,PA House 61
1,127,135,,0.000000,,,,,,PA House 151
1,127,136,,0.000000,,,,,,PA House 153
1,127,138,,0.000000,,,,,,PA House 152
1,127,163,,0.000000,,,,,,PA House 154
1,127,220,,0.000000,,,,,,PA Congressional 8
1,127,226,,0.000000,,,,,,PA Congressional 7
1,127,227,,0.000000,,,,,,PA Congressional 13
1,127,228,,0.000000,,,,,,PA Congressional 6
1,127,233,,0.000000,,,,,,PA Senatorial 7
1,127,235,,0.000000,,,,,,PA Senatorial 4
1,127,242,,0.000000,,,,,,PA Senatorial 44
1,127,250,,0.000000,,,,,,PA Senatorial 17
1,127,251,,0.000000,,,,,,PA Senatorial 12
