Join_Count,TARGET_FID,JOIN_FID,ROUTE,OWL,MODE,DIVISION,DISTRICT,DISTRICT_2,TYPE,District_1
1,48,0,,0.000000,,,,,,Phila City Council 8
1,48,4,,0.000000,,,,,,Phila City Council 9
1,48,135,,0.000000,,,,,,PA House 151
1,48,136,,0.000000,,,,,,PA House 153
1,48,138,,0.000000,,,,,,PA House 152
1,48,146,,0.000000,,,,,,PA House 143
1,48,155,,0.000000,,,,,,PA House 201
1,48,156,,0.000000,,,,,,PA House 203
1,48,157,,0.000000,,,,,,PA House 202
1,48,163,,0.000000,,,,,,PA House 154
1,48,176,,0.000000,,,,,,PA House 144
1,48,217,,0.000000,,,,,,PA Congressional 1
1,48,218,,0.000000,,,,,,PA Congressional 2
1,48,220,,0.000000,,,,,,PA Congressional 8
1,48,227,,0.000000,,,,,,PA Congressional 13
1,48,235,,0.000000,,,,,,PA Senatorial 4
1,48,236,,0.000000,,,,,,PA Senatorial 3
1,48,249,,0.000000,,,,,,PA Senatorial 10
1,48,251,,0.000000,,,,,,PA Senatorial 12
