Join_Count,TARGET_FID,JOIN_FID,ROUTE,OWL,MODE,DIVISION,DISTRICT,DISTRICT_2,TYPE,District_1
1,90,1,,0.000000,,,,,,Phila City Council 4
1,90,6,,0.000000,,,,,,Phila City Council 2
1,90,7,,0.000000,,,,,,Phila City Council 5
1,90,8,,0.000000,,,,,,Phila City Council 3
1,90,9,,0.000000,,,,,,Phila City Council 1
1,90,79,,0.000000,,,,,,PA House 148
1,90,101,,0.000000,,,,,,PA House 61
1,90,153,,0.000000,,,,,,PA House 200
1,90,163,,0.000000,,,,,,PA House 154
1,90,187,,0.000000,,,,,,PA House 194
1,90,192,,0.000000,,,,,,PA House 190
1,90,194,,0.000000,,,,,,PA House 195
1,90,211,,0.000000,,,,,,PA House 182
1,90,212,,0.000000,,,,,,PA House 186
1,90,217,,0.000000,,,,,,PA Congressional 1
1,90,218,,0.000000,,,,,,PA Congressional 2
1,90,227,,0.000000,,,,,,PA Congressional 13
1,90,228,,0.000000,,,,,,PA Congressional 6
1,90,233,,0.000000,,,,,,PA Senatorial 7
1,90,234,,0.000000,,,,,,PA Senatorial 8
1,90,236,,0.000000,,,,,,PA Senatorial 3
1,90,250,,0.000000,,,,,,PA Senatorial 17
1,90,252,,0.000000,,,,,,PA Senatorial 1
