Join_Count,TARGET_FID,JOIN_FID,ROUTE,OWL,MODE,DIVISION,DISTRICT,DISTRICT_2,TYPE,District_1
1,125,0,,0.000000,,,,,,Phila City Council 8
1,125,1,,0.000000,,,,,,Phila City Council 4
1,125,79,,0.000000,,,,,,PA House 148
1,125,99,,0.000000,,,,,,PA House 150
1,125,100,,0.000000,,,,,,PA House 70
1,125,101,,0.000000,,,,,,PA House 61
1,125,153,,0.000000,,,,,,PA House 200
1,125,163,,0.000000,,,,,,PA House 154
1,125,218,,0.000000,,,,,,PA Congressional 2
1,125,226,,0.000000,,,,,,PA Congressional 7
1,125,227,,0.000000,,,,,,PA Congressional 13
1,125,228,,0.000000,,,,,,PA Congressional 6
1,125,233,,0.000000,,,,,,PA Senatorial 7
1,125,235,,0.000000,,,,,,PA Senatorial 4
1,125,250,,0.000000,,,,,,PA Senatorial 17
