Join_Count,TARGET_FID,JOIN_FID,ROUTE,OWL,MODE,DIVISION,DISTRICT,DISTRICT_2,TYPE,District_1
1,43,1,,0.000000,,,,,,Phila City Council 4
1,43,7,,0.000000,,,,,,Phila City Council 5
1,43,9,,0.000000,,,,,,Phila City Council 1
1,43,188,,0.000000,,,,,,PA House 197
1,43,192,,0.000000,,,,,,PA House 190
1,43,194,,0.000000,,,,,,PA House 195
1,43,206,,0.000000,,,,,,PA House 175
1,43,211,,0.000000,,,,,,PA House 182
1,43,217,,0.000000,,,,,,PA Congressional 1
1,43,218,,0.000000,,,,,,PA Congressional 2
1,43,233,,0.000000,,,,,,PA Senatorial 7
1,43,236,,0.000000,,,,,,PA Senatorial 3
1,43,252,,0.000000,,,,,,PA Senatorial 1
