Join_Count,TARGET_FID,JOIN_FID,ROUTE,OWL,MODE,DIVISION,DISTRICT,DISTRICT_2,TYPE,District_1
1,76,0,,0.000000,,,,,,Phila City Council 8
1,76,1,,0.000000,,,,,,Phila City Council 4
1,76,3,,0.000000,,,,,,Phila City Council 7
1,76,4,,0.000000,,,,,,Phila City Council 9
1,76,5,,0.000000,,,,,,Phila City Council 6
1,76,7,,0.000000,,,,,,Phila City Council 5
1,76,9,,0.000000,,,,,,Phila City Council 1
1,76,154,,0.000000,,,,,,PA House 198
1,76,155,,0.000000,,,,,,PA House 201
1,76,157,,0.000000,,,,,,PA House 202
1,76,190,,0.000000,,,,,,PA House 179
1,76,196,,0.000000,,,,,,PA House 181
1,76,207,,0.000000,,,,,,PA House 177
1,76,210,,0.000000,,,,,,PA House 180
1,76,217,,0.000000,,,,,,PA Congressional 1
1,76,218,,0.000000,,,,,,PA Congressional 2
1,76,227,,0.000000,,,,,,PA Congressional 13
1,76,235,,0.000000,,,,,,PA Senatorial 4
1,76,236,,0.000000,,,,,,PA Senatorial 3
1,76,253,,0.000000,,,,,,PA Senatorial 2
1,76,254,,0.000000,,,,,,PA Senatorial 5
