Join_Count,TARGET_FID,JOIN_FID,ROUTE,OWL,MODE,DIVISION,DISTRICT,DISTRICT_2,TYPE,District_1
1,5,81,,0.000000,,,,,,PA House 166
1,5,82,,0.000000,,,,,,PA House 165
1,5,83,,0.000000,,,,,,PA House 168
1,5,93,,0.000000,,,,,,PA House 156
1,5,189,,0.000000,,,,,,PA House 161
1,5,204,,0.000000,,,,,,PA House 167
1,5,205,,0.000000,,,,,,PA House 164
1,5,225,,0.000000,,,,,,PA Congressional 16
1,5,226,,0.000000,,,,,,PA Congressional 7
1,5,241,,0.000000,,,,,,PA Senatorial 19
1,5,248,,0.000000,,,,,,PA Senatorial 26
1,5,250,,0.000000,,,,,,PA Senatorial 17
