Join_Count,TARGET_FID,JOIN_FID,ROUTE,OWL,MODE,DIVISION,DISTRICT,DISTRICT_2,TYPE,District_1
1,28,0,,0.000000,,,,,,Phila City Council 8
1,28,2,,0.000000,,,,,,Phila City Council 10
1,28,3,,0.000000,,,,,,Phila City Council 7
1,28,4,,0.000000,,,,,,Phila City Council 9
1,28,5,,0.000000,,,,,,Phila City Council 6
1,28,9,,0.000000,,,,,,Phila City Council 1
1,28,154,,0.000000,,,,,,PA House 198
1,28,155,,0.000000,,,,,,PA House 201
1,28,156,,0.000000,,,,,,PA House 203
1,28,157,,0.000000,,,,,,PA House 202
1,28,158,,0.000000,,,,,,PA House 170
1,28,164,,0.000000,,,,,,PA House 173
1,28,165,,0.000000,,,,,,PA House 172
1,28,190,,0.000000,,,,,,PA House 179
1,28,207,,0.000000,,,,,,PA House 177
1,28,208,,0.000000,,,,,,PA House 174
1,28,217,,0.000000,,,,,,PA Congressional 1
1,28,218,,0.000000,,,,,,PA Congressional 2
1,28,227,,0.000000,,,,,,PA Congressional 13
1,28,235,,0.000000,,,,,,PA Senatorial 4
1,28,236,,0.000000,,,,,,PA Senatorial 3
1,28,253,,0.000000,,,,,,PA Senatorial 2
1,28,254,,0.000000,,,,,,PA Senatorial 5
