Join_Count,TARGET_FID,JOIN_FID,ROUTE,OWL,MODE,DIVISION,DISTRICT,DISTRICT_2,TYPE,District_1
1,16,1,,0.000000,,,,,,Phila City Council 4
1,16,5,,0.000000,,,,,,Phila City Council 6
1,16,7,,0.000000,,,,,,Phila City Council 5
1,16,8,,0.000000,,,,,,Phila City Council 3
1,16,9,,0.000000,,,,,,Phila City Council 1
1,16,187,,0.000000,,,,,,PA House 194
1,16,191,,0.000000,,,,,,PA House 192
1,16,192,,0.000000,,,,,,PA House 190
1,16,194,,0.000000,,,,,,PA House 195
1,16,196,,0.000000,,,,,,PA House 181
1,16,206,,0.000000,,,,,,PA House 175
1,16,207,,0.000000,,,,,,PA House 177
1,16,217,,0.000000,,,,,,PA Congressional 1
1,16,218,,0.000000,,,,,,PA Congressional 2
1,16,227,,0.000000,,,,,,PA Congressional 13
1,16,233,,0.000000,,,,,,PA Senatorial 7
1,16,236,,0.000000,,,,,,PA Senatorial 3
1,16,252,,0.000000,,,,,,PA Senatorial 1
1,16,253,,0.000000,,,,,,PA Senatorial 2
1,16,254,,0.000000,,,,,,PA Senatorial 5
