Join_Count,TARGET_FID,JOIN_FID,ROUTE,OWL,MODE,DIVISION,DISTRICT,DISTRICT_2,TYPE,District_1
1,56,0,,0.000000,,,,,,Phila City Council 8
1,56,1,,0.000000,,,,,,Phila City Council 4
1,56,79,,0.000000,,,,,,PA House 148
1,56,154,,0.000000,,,,,,PA House 198
1,56,155,,0.000000,,,,,,PA House 201
1,56,187,,0.000000,,,,,,PA House 194
1,56,191,,0.000000,,,,,,PA House 192
1,56,205,,0.000000,,,,,,PA House 164
1,56,217,,0.000000,,,,,,PA Congressional 1
1,56,218,,0.000000,,,,,,PA Congressional 2
1,56,226,,0.000000,,,,,,PA Congressional 7
1,56,228,,0.000000,,,,,,PA Congressional 6
1,56,233,,0.000000,,,,,,PA Senatorial 7
1,56,235,,0.000000,,,,,,PA Senatorial 4
1,56,236,,0.000000,,,,,,PA Senatorial 3
1,56,248,,0.000000,,,,,,PA Senatorial 26
1,56,250,,0.000000,,,,,,PA Senatorial 17
