Join_Count,TARGET_FID,JOIN_FID,ROUTE,OWL,MODE,DIVISION,DISTRICT,DISTRICT_2,TYPE,District_1
1,13,2,,0.000000,,,,,,Phila City Council 10
1,13,92,,0.000000,,,,,,PA House 142
1,13,137,,0.000000,,,,,,PA House 31
1,13,158,,0.000000,,,,,,PA House 170
1,13,160,,0.000000,,,,,,PA House 18
1,13,161,,0.000000,,,,,,PA House 169
1,13,220,,0.000000,,,,,,PA Congressional 8
1,13,227,,0.000000,,,,,,PA Congressional 13
1,13,249,,0.000000,,,,,,PA Senatorial 10
1,13,254,,0.000000,,,,,,PA Senatorial 5
1,13,255,,0.000000,,,,,,PA Senatorial 6
