Join_Count,TARGET_FID,JOIN_FID,ROUTE,OWL,MODE,DIVISION,DISTRICT,DISTRICT_2,TYPE,District_1
1,58,2,,0.000000,,,,,,Phila City Council 10
1,58,3,,0.000000,,,,,,Phila City Council 7
1,58,4,,0.000000,,,,,,Phila City Council 9
1,58,5,,0.000000,,,,,,Phila City Council 6
1,58,7,,0.000000,,,,,,Phila City Council 5
1,58,138,,0.000000,,,,,,PA House 152
1,58,156,,0.000000,,,,,,PA House 203
1,58,157,,0.000000,,,,,,PA House 202
1,58,158,,0.000000,,,,,,PA House 170
1,58,161,,0.000000,,,,,,PA House 169
1,58,165,,0.000000,,,,,,PA House 172
1,58,190,,0.000000,,,,,,PA House 179
1,58,208,,0.000000,,,,,,PA House 174
1,58,217,,0.000000,,,,,,PA Congressional 1
1,58,220,,0.000000,,,,,,PA Congressional 8
1,58,227,,0.000000,,,,,,PA Congressional 13
1,58,236,,0.000000,,,,,,PA Senatorial 3
1,58,253,,0.000000,,,,,,PA Senatorial 2
1,58,254,,0.000000,,,,,,PA Senatorial 5
