Join_Count,TARGET_FID,JOIN_FID,ROUTE,OWL,MODE,DIVISION,DISTRICT,DISTRICT_2,TYPE,District_1
1,53,0,,0.000000,,,,,,Phila City Council 8
1,53,1,,0.000000,,,,,,Phila City Council 4
1,53,3,,0.000000,,,,,,Phila City Council 7
1,53,5,,0.000000,,,,,,Phila City Council 6
1,53,7,,0.000000,,,,,,Phila City Council 5
1,53,9,,0.000000,,,,,,Phila City Council 1
1,53,188,,0.000000,,,,,,PA House 197
1,53,190,,0.000000,,,,,,PA House 179
1,53,192,,0.000000,,,,,,PA House 190
1,53,196,,0.000000,,,,,,PA House 181
1,53,206,,0.000000,,,,,,PA House 175
1,53,207,,0.000000,,,,,,PA House 177
1,53,210,,0.000000,,,,,,PA House 180
1,53,217,,0.000000,,,,,,PA Congressional 1
1,53,218,,0.000000,,,,,,PA Congressional 2
1,53,227,,0.000000,,,,,,PA Congressional 13
1,53,233,,0.000000,,,,,,PA Senatorial 7
1,53,236,,0.000000,,,,,,PA Senatorial 3
1,53,252,,0.000000,,,,,,PA Senatorial 1
1,53,253,,0.000000,,,,,,PA Senatorial 2
1,53,254,,0.000000,,,,,,PA Senatorial 5
