Join_Count,TARGET_FID,JOIN_FID,ROUTE,OWL,MODE,DIVISION,DISTRICT,DISTRICT_2,TYPE,District_1
1,118,82,,0.000000,,,,,,PA House 165
1,118,85,,0.000000,,,,,,PA House 159
1,118,189,,0.000000,,,,,,PA House 161
1,118,202,,0.000000,,,,,,PA House 163
1,118,205,,0.000000,,,,,,PA House 164
1,118,217,,0.000000,,,,,,PA Congressional 1
1,118,226,,0.000000,,,,,,PA Congressional 7
1,118,234,,0.000000,,,,,,PA Senatorial 8
1,118,244,,0.000000,,,,,,PA Senatorial 9
1,118,248,,0.000000,,,,,,PA Senatorial 26
