Join_Count,TARGET_FID,JOIN_FID,ROUTE,OWL,MODE,DIVISION,DISTRICT,DISTRICT_2,TYPE,District_1
1,20,0,,0.000000,,,,,,Phila City Council 8
1,20,6,,0.000000,,,,,,Phila City Council 2
1,20,7,,0.000000,,,,,,Phila City Council 5
1,20,154,,0.000000,,,,,,PA House 198
1,20,188,,0.000000,,,,,,PA House 197
1,20,194,,0.000000,,,,,,PA House 195
1,20,196,,0.000000,,,,,,PA House 181
1,20,198,,0.000000,,,,,,PA House 184
1,20,199,,0.000000,,,,,,PA House 185
1,20,211,,0.000000,,,,,,PA House 182
1,20,212,,0.000000,,,,,,PA House 186
1,20,217,,0.000000,,,,,,PA Congressional 1
1,20,218,,0.000000,,,,,,PA Congressional 2
1,20,234,,0.000000,,,,,,PA Senatorial 8
1,20,236,,0.000000,,,,,,PA Senatorial 3
1,20,252,,0.000000,,,,,,PA Senatorial 1
