Join_Count,TARGET_FID,JOIN_FID,ROUTE,OWL,MODE,DIVISION,DISTRICT,DISTRICT_2,TYPE,District_1
1,123,6,,0.000000,,,,,,Phila City Council 2
1,123,85,,0.000000,,,,,,PA House 159
1,123,195,,0.000000,,,,,,PA House 162
1,123,198,,0.000000,,,,,,PA House 184
1,123,199,,0.000000,,,,,,PA House 185
1,123,212,,0.000000,,,,,,PA House 186
1,123,217,,0.000000,,,,,,PA Congressional 1
1,123,218,,0.000000,,,,,,PA Congressional 2
1,123,226,,0.000000,,,,,,PA Congressional 7
1,123,234,,0.000000,,,,,,PA Senatorial 8
1,123,244,,0.000000,,,,,,PA Senatorial 9
1,123,248,,0.000000,,,,,,PA Senatorial 26
1,123,252,,0.000000,,,,,,PA Senatorial 1
