Join_Count,TARGET_FID,JOIN_FID,ROUTE,OWL,MODE,DIVISION,DISTRICT,DISTRICT_2,TYPE,District_1
1,75,0,,0.000000,,,,,,Phila City Council 8
1,75,1,,0.000000,,,,,,Phila City Council 4
1,75,4,,0.000000,,,,,,Phila City Council 9
1,75,7,,0.000000,,,,,,Phila City Council 5
1,75,153,,0.000000,,,,,,PA House 200
1,75,154,,0.000000,,,,,,PA House 198
1,75,155,,0.000000,,,,,,PA House 201
1,75,163,,0.000000,,,,,,PA House 154
1,75,188,,0.000000,,,,,,PA House 197
1,75,196,,0.000000,,,,,,PA House 181
1,75,217,,0.000000,,,,,,PA Congressional 1
1,75,218,,0.000000,,,,,,PA Congressional 2
1,75,233,,0.000000,,,,,,PA Senatorial 7
1,75,235,,0.000000,,,,,,PA Senatorial 4
1,75,236,,0.000000,,,,,,PA Senatorial 3
