Join_Count,TARGET_FID,JOIN_FID,ROUTE,OWL,MODE,DIVISION,DISTRICT,DISTRICT_2,TYPE,District_1
1,41,1,,0.000000,,,,,,Phila City Council 4
1,41,6,,0.000000,,,,,,Phila City Council 2
1,41,7,,0.000000,,,,,,Phila City Council 5
1,41,8,,0.000000,,,,,,Phila City Council 3
1,41,9,,0.000000,,,,,,Phila City Council 1
1,41,79,,0.000000,,,,,,PA House 148
1,41,80,,0.000000,,,,,,PA House 149
1,41,187,,0.000000,,,,,,PA House 194
1,41,191,,0.000000,,,,,,PA House 192
1,41,192,,0.000000,,,,,,PA House 190
1,41,193,,0.000000,,,,,,PA House 188
1,41,194,,0.000000,,,,,,PA House 195
1,41,206,,0.000000,,,,,,PA House 175
1,41,211,,0.000000,,,,,,PA House 182
1,41,217,,0.000000,,,,,,PA Congressional 1
1,41,218,,0.000000,,,,,,PA Congressional 2
1,41,228,,0.000000,,,,,,PA Congressional 6
1,41,233,,0.000000,,,,,,PA Senatorial 7
1,41,250,,0.000000,,,,,,PA Senatorial 17
1,41,252,,0.000000,,,,,,PA Senatorial 1
