Join_Count,TARGET_FID,JOIN_FID,ROUTE,OWL,MODE,DIVISION,DISTRICT,DISTRICT_2,TYPE,District_1
1,44,3,,0.000000,,,,,,Phila City Council 7
1,44,5,,0.000000,,,,,,Phila City Council 6
1,44,7,,0.000000,,,,,,Phila City Council 5
1,44,9,,0.000000,,,,,,Phila City Council 1
1,44,190,,0.000000,,,,,,PA House 179
1,44,196,,0.000000,,,,,,PA House 181
1,44,206,,0.000000,,,,,,PA House 175
1,44,207,,0.000000,,,,,,PA House 177
1,44,217,,0.000000,,,,,,PA Congressional 1
1,44,227,,0.000000,,,,,,PA Congressional 13
1,44,236,,0.000000,,,,,,PA Senatorial 3
1,44,252,,0.000000,,,,,,PA Senatorial 1
1,44,253,,0.000000,,,,,,PA Senatorial 2
1,44,254,,0.000000,,,,,,PA Senatorial 5
