Join_Count,TARGET_FID,JOIN_FID,ROUTE,OWL,MODE,DIVISION,DISTRICT,DISTRICT_2,TYPE,District_1
1,34,1,,0.000000,,,,,,Phila City Council 4
1,34,6,,0.000000,,,,,,Phila City Council 2
1,34,7,,0.000000,,,,,,Phila City Council 5
1,34,9,,0.000000,,,,,,Phila City Council 1
1,34,154,,0.000000,,,,,,PA House 198
1,34,187,,0.000000,,,,,,PA House 194
1,34,188,,0.000000,,,,,,PA House 197
1,34,192,,0.000000,,,,,,PA House 190
1,34,194,,0.000000,,,,,,PA House 195
1,34,211,,0.000000,,,,,,PA House 182
1,34,212,,0.000000,,,,,,PA House 186
1,34,217,,0.000000,,,,,,PA Congressional 1
1,34,218,,0.000000,,,,,,PA Congressional 2
1,34,233,,0.000000,,,,,,PA Senatorial 7
1,34,234,,0.000000,,,,,,PA Senatorial 8
1,34,236,,0.000000,,,,,,PA Senatorial 3
1,34,252,,0.000000,,,,,,PA Senatorial 1
