Join_Count,TARGET_FID,JOIN_FID,ROUTE,OWL,MODE,DIVISION,DISTRICT,DISTRICT_2,TYPE,District_1
1,59,2,,0.000000,,,,,,Phila City Council 10
1,59,3,,0.000000,,,,,,Phila City Council 7
1,59,4,,0.000000,,,,,,Phila City Council 9
1,59,5,,0.000000,,,,,,Phila City Council 6
1,59,155,,0.000000,,,,,,PA House 201
1,59,156,,0.000000,,,,,,PA House 203
1,59,157,,0.000000,,,,,,PA House 202
1,59,158,,0.000000,,,,,,PA House 170
1,59,161,,0.000000,,,,,,PA House 169
1,59,163,,0.000000,,,,,,PA House 154
1,59,164,,0.000000,,,,,,PA House 173
1,59,165,,0.000000,,,,,,PA House 172
1,59,208,,0.000000,,,,,,PA House 174
1,59,217,,0.000000,,,,,,PA Congressional 1
1,59,218,,0.000000,,,,,,PA Congressional 2
1,59,227,,0.000000,,,,,,PA Congressional 13
1,59,235,,0.000000,,,,,,PA Senatorial 4
1,59,236,,0.000000,,,,,,PA Senatorial 3
1,59,253,,0.000000,,,,,,PA Senatorial 2
1,59,254,,0.000000,,,,,,PA Senatorial 5
