Join_Count,TARGET_FID,JOIN_FID,ROUTE,OWL,MODE,DIVISION,DISTRICT,DISTRICT_2,TYPE,District_1
1,51,2,,0.000000,,,,,,Phila City Council 10
1,51,3,,0.000000,,,,,,Phila City Council 7
1,51,4,,0.000000,,,,,,Phila City Council 9
1,51,5,,0.000000,,,,,,Phila City Council 6
1,51,7,,0.000000,,,,,,Phila City Council 5
1,51,157,,0.000000,,,,,,PA House 202
1,51,158,,0.000000,,,,,,PA House 170
1,51,190,,0.000000,,,,,,PA House 179
1,51,207,,0.000000,,,,,,PA House 177
1,51,208,,0.000000,,,,,,PA House 174
1,51,217,,0.000000,,,,,,PA Congressional 1
1,51,227,,0.000000,,,,,,PA Congressional 13
1,51,236,,0.000000,,,,,,PA Senatorial 3
1,51,253,,0.000000,,,,,,PA Senatorial 2
1,51,254,,0.000000,,,,,,PA Senatorial 5
