Join_Count,TARGET_FID,JOIN_FID,ROUTE,OWL,MODE,DIVISION,DISTRICT,DISTRICT_2,TYPE,District_1
1,29,2,,0.000000,,,,,,Phila City Council 10
1,29,3,,0.000000,,,,,,Phila City Council 7
1,29,4,,0.000000,,,,,,Phila City Council 9
1,29,5,,0.000000,,,,,,Phila City Council 6
1,29,136,,0.000000,,,,,,PA House 153
1,29,155,,0.000000,,,,,,PA House 201
1,29,156,,0.000000,,,,,,PA House 203
1,29,157,,0.000000,,,,,,PA House 202
1,29,158,,0.000000,,,,,,PA House 170
1,29,163,,0.000000,,,,,,PA House 154
1,29,164,,0.000000,,,,,,PA House 173
1,29,165,,0.000000,,,,,,PA House 172
1,29,208,,0.000000,,,,,,PA House 174
1,29,218,,0.000000,,,,,,PA Congressional 2
1,29,227,,0.000000,,,,,,PA Congressional 13
1,29,235,,0.000000,,,,,,PA Senatorial 4
1,29,236,,0.000000,,,,,,PA Senatorial 3
1,29,254,,0.000000,,,,,,PA Senatorial 5
