Join_Count,TARGET_FID,JOIN_FID,ROUTE,OWL,MODE,DIVISION,DISTRICT,DISTRICT_2,TYPE,District_1
1,114,1,,0.000000,,,,,,Phila City Council 4
1,114,80,,0.000000,,,,,,PA House 149
1,114,81,,0.000000,,,,,,PA House 166
1,114,191,,0.000000,,,,,,PA House 192
1,114,205,,0.000000,,,,,,PA House 164
1,114,217,,0.000000,,,,,,PA Congressional 1
1,114,226,,0.000000,,,,,,PA Congressional 7
1,114,228,,0.000000,,,,,,PA Congressional 6
1,114,233,,0.000000,,,,,,PA Senatorial 7
1,114,248,,0.000000,,,,,,PA Senatorial 26
1,114,250,,0.000000,,,,,,PA Senatorial 17
