Join_Count,TARGET_FID,JOIN_FID,ROUTE,OWL,MODE,DIVISION,DISTRICT,DISTRICT_2,TYPE,District_1
1,128,1,,0.000000,,,,,,Phila City Council 4
1,128,6,,0.000000,,,,,,Phila City Council 2
1,128,8,,0.000000,,,,,,Phila City Council 3
1,128,9,,0.000000,,,,,,Phila City Council 1
1,128,187,,0.000000,,,,,,PA House 194
1,128,191,,0.000000,,,,,,PA House 192
1,128,192,,0.000000,,,,,,PA House 190
1,128,193,,0.000000,,,,,,PA House 188
1,128,194,,0.000000,,,,,,PA House 195
1,128,206,,0.000000,,,,,,PA House 175
1,128,211,,0.000000,,,,,,PA House 182
1,128,217,,0.000000,,,,,,PA Congressional 1
1,128,218,,0.000000,,,,,,PA Congressional 2
1,128,233,,0.000000,,,,,,PA Senatorial 7
1,128,234,,0.000000,,,,,,PA Senatorial 8
1,128,252,,0.000000,,,,,,PA Senatorial 1
