Join_Count,TARGET_FID,JOIN_FID,ROUTE,OWL,MODE,DIVISION,DISTRICT,DISTRICT_2,TYPE,District_1
1,79,1,,0.000000,,,,,,Phila City Council 4
1,79,3,,0.000000,,,,,,Phila City Council 7
1,79,5,,0.000000,,,,,,Phila City Council 6
1,79,6,,0.000000,,,,,,Phila City Council 2
1,79,7,,0.000000,,,,,,Phila City Council 5
1,79,8,,0.000000,,,,,,Phila City Council 3
1,79,9,,0.000000,,,,,,Phila City Council 1
1,79,190,,0.000000,,,,,,PA House 179
1,79,191,,0.000000,,,,,,PA House 192
1,79,192,,0.000000,,,,,,PA House 190
1,79,193,,0.000000,,,,,,PA House 188
1,79,196,,0.000000,,,,,,PA House 181
1,79,197,,0.000000,,,,,,PA House 191
1,79,205,,0.000000,,,,,,PA House 164
1,79,206,,0.000000,,,,,,PA House 175
1,79,207,,0.000000,,,,,,PA House 177
1,79,210,,0.000000,,,,,,PA House 180
1,79,211,,0.000000,,,,,,PA House 182
1,79,217,,0.000000,,,,,,PA Congressional 1
1,79,218,,0.000000,,,,,,PA Congressional 2
1,79,226,,0.000000,,,,,,PA Congressional 7
1,79,227,,0.000000,,,,,,PA Congressional 13
1,79,233,,0.000000,,,,,,PA Senatorial 7
1,79,234,,0.000000,,,,,,PA Senatorial 8
1,79,248,,0.000000,,,,,,PA Senatorial 26
1,79,252,,0.000000,,,,,,PA Senatorial 1
1,79,253,,0.000000,,,,,,PA Senatorial 2
1,79,254,,0.000000,,,,,,PA Senatorial 5
