Join_Count,TARGET_FID,JOIN_FID,ROUTE,OWL,MODE,DIVISION,DISTRICT,DISTRICT_2,TYPE,District_1
1,120,83,,0.000000,,,,,,PA House 168
1,120,84,,0.000000,,,,,,PA House 160
1,120,85,,0.000000,,,,,,PA House 159
1,120,189,,0.000000,,,,,,PA House 161
1,120,195,,0.000000,,,,,,PA House 162
1,120,199,,0.000000,,,,,,PA House 185
1,120,217,,0.000000,,,,,,PA Congressional 1
1,120,226,,0.000000,,,,,,PA Congressional 7
1,120,234,,0.000000,,,,,,PA Senatorial 8
1,120,244,,0.000000,,,,,,PA Senatorial 9
1,120,248,,0.000000,,,,,,PA Senatorial 26
