Join_Count,TARGET_FID,JOIN_FID,ROUTE,OWL,MODE,DIVISION,DISTRICT,DISTRICT_2,TYPE,District_1
1,49,0,,0.000000,,,,,,Phila City Council 8
1,49,3,,0.000000,,,,,,Phila City Council 7
1,49,5,,0.000000,,,,,,Phila City Council 6
1,49,7,,0.000000,,,,,,Phila City Council 5
1,49,9,,0.000000,,,,,,Phila City Council 1
1,49,154,,0.000000,,,,,,PA House 198
1,49,164,,0.000000,,,,,,PA House 173
1,49,188,,0.000000,,,,,,PA House 197
1,49,190,,0.000000,,,,,,PA House 179
1,49,196,,0.000000,,,,,,PA House 181
1,49,207,,0.000000,,,,,,PA House 177
1,49,210,,0.000000,,,,,,PA House 180
1,49,217,,0.000000,,,,,,PA Congressional 1
1,49,218,,0.000000,,,,,,PA Congressional 2
1,49,227,,0.000000,,,,,,PA Congressional 13
1,49,236,,0.000000,,,,,,PA Senatorial 3
1,49,253,,0.000000,,,,,,PA Senatorial 2
1,49,254,,0.000000,,,,,,PA Senatorial 5
