Join_Count,TARGET_FID,JOIN_FID,ROUTE,OWL,MODE,DIVISION,DISTRICT,DISTRICT_2,TYPE,District_1
1,72,0,,0.000000,,,,,,Phila City Council 8
1,72,79,,0.000000,,,,,,PA House 148
1,72,100,,0.000000,,,,,,PA House 70
1,72,101,,0.000000,,,,,,PA House 61
1,72,135,,0.000000,,,,,,PA House 151
1,72,153,,0.000000,,,,,,PA House 200
1,72,163,,0.000000,,,,,,PA House 154
1,72,203,,0.000000,,,,,,PA House 53
1,72,218,,0.000000,,,,,,PA Congressional 2
1,72,227,,0.000000,,,,,,PA Congressional 13
1,72,228,,0.000000,,,,,,PA Congressional 6
1,72,233,,0.000000,,,,,,PA Senatorial 7
1,72,235,,0.000000,,,,,,PA Senatorial 4
1,72,242,,0.000000,,,,,,PA Senatorial 44
1,72,246,,0.000000,,,,,,PA Senatorial 24
1,72,251,,0.000000,,,,,,PA Senatorial 12
