Join_Count,TARGET_FID,JOIN_FID,ROUTE,OWL,MODE,DIVISION,DISTRICT,DISTRICT_2,TYPE,District_1
1,12,6,,0.000000,,,,,,Phila City Council 2
1,12,7,,0.000000,,,,,,Phila City Council 5
1,12,8,,0.000000,,,,,,Phila City Council 3
1,12,193,,0.000000,,,,,,PA House 188
1,12,197,,0.000000,,,,,,PA House 191
1,12,199,,0.000000,,,,,,PA House 185
1,12,211,,0.000000,,,,,,PA House 182
1,12,212,,0.000000,,,,,,PA House 186
1,12,217,,0.000000,,,,,,PA Congressional 1
1,12,218,,0.000000,,,,,,PA Congressional 2
1,12,233,,0.000000,,,,,,PA Senatorial 7
1,12,234,,0.000000,,,,,,PA Senatorial 8
1,12,252,,0.000000,,,,,,PA Senatorial 1
