Join_Count,TARGET_FID,JOIN_FID,ROUTE,OWL,MODE,DIVISION,DISTRICT,DISTRICT_2,TYPE,District_1
1,115,1,,0.000000,,,,,,Phila City Council 4
1,115,6,,0.000000,,,,,,Phila City Council 2
1,115,8,,0.000000,,,,,,Phila City Council 3
1,115,9,,0.000000,,,,,,Phila City Council 1
1,115,79,,0.000000,,,,,,PA House 148
1,115,80,,0.000000,,,,,,PA House 149
1,115,187,,0.000000,,,,,,PA House 194
1,115,191,,0.000000,,,,,,PA House 192
1,115,192,,0.000000,,,,,,PA House 190
1,115,193,,0.000000,,,,,,PA House 188
1,115,197,,0.000000,,,,,,PA House 191
1,115,198,,0.000000,,,,,,PA House 184
1,115,199,,0.000000,,,,,,PA House 185
1,115,217,,0.000000,,,,,,PA Congressional 1
1,115,218,,0.000000,,,,,,PA Congressional 2
1,115,228,,0.000000,,,,,,PA Congressional 6
1,115,233,,0.000000,,,,,,PA Senatorial 7
1,115,234,,0.000000,,,,,,PA Senatorial 8
1,115,250,,0.000000,,,,,,PA Senatorial 17
1,115,252,,0.000000,,,,,,PA Senatorial 1
