Join_Count,TARGET_FID,JOIN_FID,ROUTE,OWL,MODE,DIVISION,DISTRICT,DISTRICT_2,TYPE,District_1
1,11,1,,0.000000,,,,,,Phila City Council 4
1,11,6,,0.000000,,,,,,Phila City Council 2
1,11,7,,0.000000,,,,,,Phila City Council 5
1,11,8,,0.000000,,,,,,Phila City Council 3
1,11,9,,0.000000,,,,,,Phila City Council 1
1,11,79,,0.000000,,,,,,PA House 148
1,11,80,,0.000000,,,,,,PA House 149
1,11,98,,0.000000,,,,,,PA House 157
1,11,187,,0.000000,,,,,,PA House 194
1,11,192,,0.000000,,,,,,PA House 190
1,11,193,,0.000000,,,,,,PA House 188
1,11,194,,0.000000,,,,,,PA House 195
1,11,206,,0.000000,,,,,,PA House 175
1,11,211,,0.000000,,,,,,PA House 182
1,11,217,,0.000000,,,,,,PA Congressional 1
1,11,218,,0.000000,,,,,,PA Congressional 2
1,11,226,,0.000000,,,,,,PA Congressional 7
1,11,228,,0.000000,,,,,,PA Congressional 6
1,11,233,,0.000000,,,,,,PA Senatorial 7
1,11,241,,0.000000,,,,,,PA Senatorial 19
1,11,250,,0.000000,,,,,,PA Senatorial 17
1,11,252,,0.000000,,,,,,PA Senatorial 1
