Join_Count,TARGET_FID,JOIN_FID,ROUTE,OWL,MODE,DIVISION,DISTRICT,DISTRICT_2,TYPE,District_1
1,113,1,,0.000000,,,,,,Phila City Council 4
1,113,7,,0.000000,,,,,,Phila City Council 5
1,113,8,,0.000000,,,,,,Phila City Council 3
1,113,9,,0.000000,,,,,,Phila City Council 1
1,113,187,,0.000000,,,,,,PA House 194
1,113,192,,0.000000,,,,,,PA House 190
1,113,194,,0.000000,,,,,,PA House 195
1,113,196,,0.000000,,,,,,PA House 181
1,113,206,,0.000000,,,,,,PA House 175
1,113,207,,0.000000,,,,,,PA House 177
1,113,211,,0.000000,,,,,,PA House 182
1,113,217,,0.000000,,,,,,PA Congressional 1
1,113,218,,0.000000,,,,,,PA Congressional 2
1,113,233,,0.000000,,,,,,PA Senatorial 7
1,113,252,,0.000000,,,,,,PA Senatorial 1
1,113,253,,0.000000,,,,,,PA Senatorial 2
