Join_Count,TARGET_FID,JOIN_FID,ROUTE,OWL,MODE,DIVISION,DISTRICT,DISTRICT_2,TYPE,District_1
1,94,5,,0.000000,,,,,,Phila City Council 6
1,94,6,,0.000000,,,,,,Phila City Council 2
1,94,7,,0.000000,,,,,,Phila City Council 5
1,94,8,,0.000000,,,,,,Phila City Council 3
1,94,9,,0.000000,,,,,,Phila City Council 1
1,94,160,,0.000000,,,,,,PA House 18
1,94,161,,0.000000,,,,,,PA House 169
1,94,164,,0.000000,,,,,,PA House 173
1,94,193,,0.000000,,,,,,PA House 188
1,94,194,,0.000000,,,,,,PA House 195
1,94,206,,0.000000,,,,,,PA House 175
1,94,207,,0.000000,,,,,,PA House 177
1,94,211,,0.000000,,,,,,PA House 182
1,94,217,,0.000000,,,,,,PA Congressional 1
1,94,218,,0.000000,,,,,,PA Congressional 2
1,94,220,,0.000000,,,,,,PA Congressional 8
1,94,227,,0.000000,,,,,,PA Congressional 13
1,94,233,,0.000000,,,,,,PA Senatorial 7
1,94,252,,0.000000,,,,,,PA Senatorial 1
1,94,253,,0.000000,,,,,,PA Senatorial 2
1,94,254,,0.000000,,,,,,PA Senatorial 5
1,94,255,,0.000000,,,,,,PA Senatorial 6
