Join_Count,TARGET_FID,JOIN_FID,ROUTE,OWL,MODE,DIVISION,DISTRICT,DISTRICT_2,TYPE,District_1
1,31,1,,0.000000,,,,,,Phila City Council 4
1,31,3,,0.000000,,,,,,Phila City Council 7
1,31,5,,0.000000,,,,,,Phila City Council 6
1,31,7,,0.000000,,,,,,Phila City Council 5
1,31,9,,0.000000,,,,,,Phila City Council 1
1,31,188,,0.000000,,,,,,PA House 197
1,31,190,,0.000000,,,,,,PA House 179
1,31,192,,0.000000,,,,,,PA House 190
1,31,194,,0.000000,,,,,,PA House 195
1,31,196,,0.000000,,,,,,PA House 181
1,31,206,,0.000000,,,,,,PA House 175
1,31,207,,0.000000,,,,,,PA House 177
1,31,210,,0.000000,,,,,,PA House 180
1,31,217,,0.000000,,,,,,PA Congressional 1
1,31,218,,0.000000,,,,,,PA Congressional 2
1,31,227,,0.000000,,,,,,PA Congressional 13
1,31,236,,0.000000,,,,,,PA Senatorial 3
1,31,252,,0.000000,,,,,,PA Senatorial 1
1,31,253,,0.000000,,,,,,PA Senatorial 2
1,31,254,,0.000000,,,,,,PA Senatorial 5
