Join_Count,TARGET_FID,JOIN_FID,ROUTE,OWL,MODE,DIVISION,DISTRICT,DISTRICT_2,TYPE,District_1
1,116,1,,0.000000,,,,,,Phila City Council 4
1,116,80,,0.000000,,,,,,PA House 149
1,116,81,,0.000000,,,,,,PA House 166
1,116,82,,0.000000,,,,,,PA House 165
1,116,98,,0.000000,,,,,,PA House 157
1,116,189,,0.000000,,,,,,PA House 161
1,116,191,,0.000000,,,,,,PA House 192
1,116,204,,0.000000,,,,,,PA House 167
1,116,205,,0.000000,,,,,,PA House 164
1,116,217,,0.000000,,,,,,PA Congressional 1
1,116,226,,0.000000,,,,,,PA Congressional 7
1,116,228,,0.000000,,,,,,PA Congressional 6
1,116,233,,0.000000,,,,,,PA Senatorial 7
1,116,241,,0.000000,,,,,,PA Senatorial 19
1,116,248,,0.000000,,,,,,PA Senatorial 26
1,116,250,,0.000000,,,,,,PA Senatorial 17
