Join_Count,TARGET_FID,JOIN_FID,ROUTE,OWL,MODE,DIVISION,DISTRICT,DISTRICT_2,TYPE,District_1
1,30,6,,0.000000,,,,,,Phila City Council 2
1,30,9,,0.000000,,,,,,Phila City Council 1
1,30,198,,0.000000,,,,,,PA House 184
1,30,206,,0.000000,,,,,,PA House 175
1,30,211,,0.000000,,,,,,PA House 182
1,30,212,,0.000000,,,,,,PA House 186
1,30,217,,0.000000,,,,,,PA Congressional 1
1,30,218,,0.000000,,,,,,PA Congressional 2
1,30,234,,0.000000,,,,,,PA Senatorial 8
1,30,252,,0.000000,,,,,,PA Senatorial 1
