Join_Count,TARGET_FID,JOIN_FID,ROUTE,OWL,MODE,DIVISION,DISTRICT,DISTRICT_2,TYPE,District_1
1,7,6,,0.000000,,,,,,Phila City Council 2
1,7,7,,0.000000,,,,,,Phila City Council 5
1,7,8,,0.000000,,,,,,Phila City Council 3
1,7,193,,0.000000,,,,,,PA House 188
1,7,197,,0.000000,,,,,,PA House 191
1,7,199,,0.000000,,,,,,PA House 185
1,7,211,,0.000000,,,,,,PA House 182
1,7,212,,0.000000,,,,,,PA House 186
1,7,217,,0.000000,,,,,,PA Congressional 1
1,7,218,,0.000000,,,,,,PA Congressional 2
1,7,233,,0.000000,,,,,,PA Senatorial 7
1,7,234,,0.000000,,,,,,PA Senatorial 8
1,7,252,,0.000000,,,,,,PA Senatorial 1
