Join_Count,TARGET_FID,JOIN_FID,ROUTE,OWL,MODE,DIVISION,DISTRICT,DISTRICT_2,TYPE,District_1
1,69,1,,0.000000,,,,,,Phila City Council 4
1,69,6,,0.000000,,,,,,Phila City Council 2
1,69,7,,0.000000,,,,,,Phila City Council 5
1,69,8,,0.000000,,,,,,Phila City Council 3
1,69,9,,0.000000,,,,,,Phila City Council 1
1,69,153,,0.000000,,,,,,PA House 200
1,69,187,,0.000000,,,,,,PA House 194
1,69,192,,0.000000,,,,,,PA House 190
1,69,193,,0.000000,,,,,,PA House 188
1,69,194,,0.000000,,,,,,PA House 195
1,69,206,,0.000000,,,,,,PA House 175
1,69,211,,0.000000,,,,,,PA House 182
1,69,217,,0.000000,,,,,,PA Congressional 1
1,69,218,,0.000000,,,,,,PA Congressional 2
1,69,228,,0.000000,,,,,,PA Congressional 6
1,69,233,,0.000000,,,,,,PA Senatorial 7
1,69,234,,0.000000,,,,,,PA Senatorial 8
1,69,236,,0.000000,,,,,,PA Senatorial 3
1,69,250,,0.000000,,,,,,PA Senatorial 17
1,69,252,,0.000000,,,,,,PA Senatorial 1
