Join_Count,TARGET_FID,JOIN_FID,ROUTE,OWL,MODE,DIVISION,DISTRICT,DISTRICT_2,TYPE,District_1
1,73,79,,0.000000,,,,,,PA House 148
1,73,99,,0.000000,,,,,,PA House 150
1,73,100,,0.000000,,,,,,PA House 70
1,73,101,,0.000000,,,,,,PA House 61
1,73,203,,0.000000,,,,,,PA House 53
1,73,227,,0.000000,,,,,,PA Congressional 13
1,73,228,,0.000000,,,,,,PA Congressional 6
1,73,242,,0.000000,,,,,,PA Senatorial 44
1,73,246,,0.000000,,,,,,PA Senatorial 24
1,73,250,,0.000000,,,,,,PA Senatorial 17
1,73,251,,0.000000,,,,,,PA Senatorial 12
