Join_Count,TARGET_FID,JOIN_FID,ROUTE,OWL,MODE,DIVISION,DISTRICT,DISTRICT_2,TYPE,District_1
1,91,1,,0.000000,,,,,,Phila City Council 4
1,91,8,,0.000000,,,,,,Phila City Council 3
1,91,191,,0.000000,,,,,,PA House 192
1,91,192,,0.000000,,,,,,PA House 190
1,91,193,,0.000000,,,,,,PA House 188
1,91,194,,0.000000,,,,,,PA House 195
1,91,205,,0.000000,,,,,,PA House 164
1,91,217,,0.000000,,,,,,PA Congressional 1
1,91,218,,0.000000,,,,,,PA Congressional 2
1,91,226,,0.000000,,,,,,PA Congressional 7
1,91,233,,0.000000,,,,,,PA Senatorial 7
1,91,234,,0.000000,,,,,,PA Senatorial 8
1,91,248,,0.000000,,,,,,PA Senatorial 26
