Join_Count,TARGET_FID,JOIN_FID,ROUTE,OWL,MODE,DIVISION,DISTRICT,DISTRICT_2,TYPE,District_1
1,98,6,,0.000000,,,,,,Phila City Council 2
1,98,7,,0.000000,,,,,,Phila City Council 5
1,98,8,,0.000000,,,,,,Phila City Council 3
1,98,9,,0.000000,,,,,,Phila City Council 1
1,98,206,,0.000000,,,,,,PA House 175
1,98,211,,0.000000,,,,,,PA House 182
1,98,212,,0.000000,,,,,,PA House 186
1,98,217,,0.000000,,,,,,PA Congressional 1
1,98,218,,0.000000,,,,,,PA Congressional 2
1,98,234,,0.000000,,,,,,PA Senatorial 8
1,98,252,,0.000000,,,,,,PA Senatorial 1
