Join_Count,TARGET_FID,JOIN_FID,ROUTE,OWL,MODE,DIVISION,DISTRICT,DISTRICT_2,TYPE,District_1
1,39,1,,0.000000,,,,,,Phila City Council 4
1,39,6,,0.000000,,,,,,Phila City Council 2
1,39,7,,0.000000,,,,,,Phila City Council 5
1,39,8,,0.000000,,,,,,Phila City Council 3
1,39,9,,0.000000,,,,,,Phila City Council 1
1,39,187,,0.000000,,,,,,PA House 194
1,39,192,,0.000000,,,,,,PA House 190
1,39,194,,0.000000,,,,,,PA House 195
1,39,206,,0.000000,,,,,,PA House 175
1,39,211,,0.000000,,,,,,PA House 182
1,39,217,,0.000000,,,,,,PA Congressional 1
1,39,218,,0.000000,,,,,,PA Congressional 2
1,39,228,,0.000000,,,,,,PA Congressional 6
1,39,233,,0.000000,,,,,,PA Senatorial 7
1,39,250,,0.000000,,,,,,PA Senatorial 17
1,39,252,,0.000000,,,,,,PA Senatorial 1
