Join_Count,TARGET_FID,JOIN_FID,ROUTE,OWL,MODE,DIVISION,DISTRICT,DISTRICT_2,TYPE,District_1
1,36,6,,0.000000,,,,,,Phila City Council 2
1,36,7,,0.000000,,,,,,Phila City Council 5
1,36,8,,0.000000,,,,,,Phila City Council 3
1,36,193,,0.000000,,,,,,PA House 188
1,36,197,,0.000000,,,,,,PA House 191
1,36,211,,0.000000,,,,,,PA House 182
1,36,217,,0.000000,,,,,,PA Congressional 1
1,36,218,,0.000000,,,,,,PA Congressional 2
1,36,233,,0.000000,,,,,,PA Senatorial 7
1,36,234,,0.000000,,,,,,PA Senatorial 8
1,36,252,,0.000000,,,,,,PA Senatorial 1
