Join_Count,TARGET_FID,JOIN_FID,ROUTE,OWL,MODE,DIVISION,DISTRICT,DISTRICT_2,TYPE,District_1
1,107,0,,0.000000,,,,,,Phila City Council 8
1,107,3,,0.000000,,,,,,Phila City Council 7
1,107,6,,0.000000,,,,,,Phila City Council 2
1,107,7,,0.000000,,,,,,Phila City Council 5
1,107,9,,0.000000,,,,,,Phila City Council 1
1,107,153,,0.000000,,,,,,PA House 200
1,107,154,,0.000000,,,,,,PA House 198
1,107,155,,0.000000,,,,,,PA House 201
1,107,190,,0.000000,,,,,,PA House 179
1,107,196,,0.000000,,,,,,PA House 181
1,107,198,,0.000000,,,,,,PA House 184
1,107,206,,0.000000,,,,,,PA House 175
1,107,211,,0.000000,,,,,,PA House 182
1,107,212,,0.000000,,,,,,PA House 186
1,107,217,,0.000000,,,,,,PA Congressional 1
1,107,218,,0.000000,,,,,,PA Congressional 2
1,107,235,,0.000000,,,,,,PA Senatorial 4
1,107,236,,0.000000,,,,,,PA Senatorial 3
1,107,252,,0.000000,,,,,,PA Senatorial 1
1,107,253,,0.000000,,,,,,PA Senatorial 2
