Join_Count,TARGET_FID,JOIN_FID,ROUTE,OWL,MODE,DIVISION,DISTRICT,DISTRICT_2,TYPE,District_1
1,110,3,,0.000000,,,,,,Phila City Council 7
1,110,4,,0.000000,,,,,,Phila City Council 9
1,110,6,,0.000000,,,,,,Phila City Council 2
1,110,7,,0.000000,,,,,,Phila City Council 5
1,110,9,,0.000000,,,,,,Phila City Council 1
1,110,155,,0.000000,,,,,,PA House 201
1,110,156,,0.000000,,,,,,PA House 203
1,110,157,,0.000000,,,,,,PA House 202
1,110,190,,0.000000,,,,,,PA House 179
1,110,196,,0.000000,,,,,,PA House 181
1,110,198,,0.000000,,,,,,PA House 184
1,110,206,,0.000000,,,,,,PA House 175
1,110,210,,0.000000,,,,,,PA House 180
1,110,217,,0.000000,,,,,,PA Congressional 1
1,110,218,,0.000000,,,,,,PA Congressional 2
1,110,235,,0.000000,,,,,,PA Senatorial 4
1,110,236,,0.000000,,,,,,PA Senatorial 3
1,110,252,,0.000000,,,,,,PA Senatorial 1
1,110,253,,0.000000,,,,,,PA Senatorial 2
