Join_Count,TARGET_FID,JOIN_FID,ROUTE,OWL,MODE,DIVISION,DISTRICT,DISTRICT_2,TYPE,District_1
1,132,0,,0.000000,,,,,,Phila City Council 8
1,132,4,,0.000000,,,,,,Phila City Council 9
1,132,6,,0.000000,,,,,,Phila City Council 2
1,132,7,,0.000000,,,,,,Phila City Council 5
1,132,9,,0.000000,,,,,,Phila City Council 1
1,132,153,,0.000000,,,,,,PA House 200
1,132,154,,0.000000,,,,,,PA House 198
1,132,155,,0.000000,,,,,,PA House 201
1,132,156,,0.000000,,,,,,PA House 203
1,132,157,,0.000000,,,,,,PA House 202
1,132,163,,0.000000,,,,,,PA House 154
1,132,188,,0.000000,,,,,,PA House 197
1,132,196,,0.000000,,,,,,PA House 181
1,132,206,,0.000000,,,,,,PA House 175
1,132,211,,0.000000,,,,,,PA House 182
1,132,217,,0.000000,,,,,,PA Congressional 1
1,132,218,,0.000000,,,,,,PA Congressional 2
1,132,235,,0.000000,,,,,,PA Senatorial 4
1,132,236,,0.000000,,,,,,PA Senatorial 3
1,132,252,,0.000000,,,,,,PA Senatorial 1
