Join_Count,TARGET_FID,JOIN_FID,ROUTE,OWL,MODE,DIVISION,DISTRICT,DISTRICT_2,TYPE,District_1
1,103,6,,0.000000,,,,,,Phila City Council 2
1,103,7,,0.000000,,,,,,Phila City Council 5
1,103,9,,0.000000,,,,,,Phila City Council 1
1,103,198,,0.000000,,,,,,PA House 184
1,103,199,,0.000000,,,,,,PA House 185
1,103,206,,0.000000,,,,,,PA House 175
1,103,211,,0.000000,,,,,,PA House 182
1,103,212,,0.000000,,,,,,PA House 186
1,103,217,,0.000000,,,,,,PA Congressional 1
1,103,218,,0.000000,,,,,,PA Congressional 2
1,103,234,,0.000000,,,,,,PA Senatorial 8
1,103,252,,0.000000,,,,,,PA Senatorial 1
