Join_Count,TARGET_FID,JOIN_FID,ROUTE,OWL,MODE,DIVISION,DISTRICT,DISTRICT_2,TYPE,District_1
1,21,2,,0.000000,,,,,,Phila City Council 10
1,21,3,,0.000000,,,,,,Phila City Council 7
1,21,5,,0.000000,,,,,,Phila City Council 6
1,21,158,,0.000000,,,,,,PA House 170
1,21,160,,0.000000,,,,,,PA House 18
1,21,161,,0.000000,,,,,,PA House 169
1,21,164,,0.000000,,,,,,PA House 173
1,21,165,,0.000000,,,,,,PA House 172
1,21,190,,0.000000,,,,,,PA House 179
1,21,208,,0.000000,,,,,,PA House 174
1,21,217,,0.000000,,,,,,PA Congressional 1
1,21,220,,0.000000,,,,,,PA Congressional 8
1,21,227,,0.000000,,,,,,PA Congressional 13
1,21,253,,0.000000,,,,,,PA Senatorial 2
1,21,254,,0.000000,,,,,,PA Senatorial 5
1,21,255,,0.000000,,,,,,PA Senatorial 6
