Join_Count,TARGET_FID,JOIN_FID,ROUTE,OWL,MODE,DIVISION,DISTRICT,DISTRICT_2,TYPE,District_1
1,99,80,,0.000000,,,,,,PA House 149
1,99,95,,0.000000,,,,,,PA House 26
1,99,96,,0.000000,,,,,,PA House 146
1,99,98,,0.000000,,,,,,PA House 157
1,99,99,,0.000000,,,,,,PA House 150
1,99,204,,0.000000,,,,,,PA House 167
1,99,226,,0.000000,,,,,,PA Congressional 7
1,99,228,,0.000000,,,,,,PA Congressional 6
1,99,241,,0.000000,,,,,,PA Senatorial 19
1,99,242,,0.000000,,,,,,PA Senatorial 44
1,99,250,,0.000000,,,,,,PA Senatorial 17
