Join_Count,TARGET_FID,JOIN_FID,ROUTE,OWL,MODE,DIVISION,DISTRICT,DISTRICT_2,TYPE,District_1
1,25,0,,0.000000,,,,,,Phila City Council 8
1,25,4,,0.000000,,,,,,Phila City Council 9
1,25,136,,0.000000,,,,,,PA House 153
1,25,138,,0.000000,,,,,,PA House 152
1,25,153,,0.000000,,,,,,PA House 200
1,25,155,,0.000000,,,,,,PA House 201
1,25,156,,0.000000,,,,,,PA House 203
1,25,157,,0.000000,,,,,,PA House 202
1,25,163,,0.000000,,,,,,PA House 154
1,25,171,,0.000000,,,,,,PA House 29
1,25,217,,0.000000,,,,,,PA Congressional 1
1,25,218,,0.000000,,,,,,PA Congressional 2
1,25,220,,0.000000,,,,,,PA Congressional 8
1,25,227,,0.000000,,,,,,PA Congressional 13
1,25,235,,0.000000,,,,,,PA Senatorial 4
1,25,236,,0.000000,,,,,,PA Senatorial 3
1,25,251,,0.000000,,,,,,PA Senatorial 12
