Join_Count,TARGET_FID,JOIN_FID,ROUTE,OWL,MODE,DIVISION,DISTRICT,DISTRICT_2,TYPE,District_1
1,26,2,,0.000000,,,,,,Phila City Council 10
1,26,3,,0.000000,,,,,,Phila City Council 7
1,26,4,,0.000000,,,,,,Phila City Council 9
1,26,5,,0.000000,,,,,,Phila City Council 6
1,26,7,,0.000000,,,,,,Phila City Council 5
1,26,136,,0.000000,,,,,,PA House 153
1,26,138,,0.000000,,,,,,PA House 152
1,26,156,,0.000000,,,,,,PA House 203
1,26,157,,0.000000,,,,,,PA House 202
1,26,158,,0.000000,,,,,,PA House 170
1,26,163,,0.000000,,,,,,PA House 154
1,26,165,,0.000000,,,,,,PA House 172
1,26,171,,0.000000,,,,,,PA House 29
1,26,190,,0.000000,,,,,,PA House 179
1,26,207,,0.000000,,,,,,PA House 177
1,26,209,,0.000000,,,,,,PA House 178
1,26,217,,0.000000,,,,,,PA Congressional 1
1,26,218,,0.000000,,,,,,PA Congressional 2
1,26,220,,0.000000,,,,,,PA Congressional 8
1,26,227,,0.000000,,,,,,PA Congressional 13
1,26,235,,0.000000,,,,,,PA Senatorial 4
1,26,236,,0.000000,,,,,,PA Senatorial 3
1,26,251,,0.000000,,,,,,PA Senatorial 12
1,26,253,,0.000000,,,,,,PA Senatorial 2
