Join_Count,TARGET_FID,JOIN_FID,ROUTE,OWL,MODE,DIVISION,DISTRICT,DISTRICT_2,TYPE,District_1
1,19,2,,0.000000,,,,,,Phila City Council 10
1,19,3,,0.000000,,,,,,Phila City Council 7
1,19,4,,0.000000,,,,,,Phila City Council 9
1,19,5,,0.000000,,,,,,Phila City Council 6
1,19,7,,0.000000,,,,,,Phila City Council 5
1,19,156,,0.000000,,,,,,PA House 203
1,19,157,,0.000000,,,,,,PA House 202
1,19,158,,0.000000,,,,,,PA House 170
1,19,161,,0.000000,,,,,,PA House 169
1,19,164,,0.000000,,,,,,PA House 173
1,19,165,,0.000000,,,,,,PA House 172
1,19,190,,0.000000,,,,,,PA House 179
1,19,208,,0.000000,,,,,,PA House 174
1,19,217,,0.000000,,,,,,PA Congressional 1
1,19,227,,0.000000,,,,,,PA Congressional 13
1,19,236,,0.000000,,,,,,PA Senatorial 3
1,19,253,,0.000000,,,,,,PA Senatorial 2
1,19,254,,0.000000,,,,,,PA Senatorial 5
