Join_Count,TARGET_FID,JOIN_FID,ROUTE,OWL,MODE,DIVISION,DISTRICT,DISTRICT_2,TYPE,District_1
1,46,0,,0.000000,,,,,,Phila City Council 8
1,46,7,,0.000000,,,,,,Phila City Council 5
1,46,154,,0.000000,,,,,,PA House 198
1,46,155,,0.000000,,,,,,PA House 201
1,46,188,,0.000000,,,,,,PA House 197
1,46,196,,0.000000,,,,,,PA House 181
1,46,217,,0.000000,,,,,,PA Congressional 1
1,46,218,,0.000000,,,,,,PA Congressional 2
1,46,235,,0.000000,,,,,,PA Senatorial 4
1,46,236,,0.000000,,,,,,PA Senatorial 3
