Join_Count,TARGET_FID,JOIN_FID,ROUTE,OWL,MODE,DIVISION,DISTRICT,DISTRICT_2,TYPE,District_1
1,82,6,,0.000000,,,,,,Phila City Council 2
1,82,81,,0.000000,,,,,,PA House 166
1,82,82,,0.000000,,,,,,PA House 165
1,82,189,,0.000000,,,,,,PA House 161
1,82,195,,0.000000,,,,,,PA House 162
1,82,197,,0.000000,,,,,,PA House 191
1,82,199,,0.000000,,,,,,PA House 185
1,82,202,,0.000000,,,,,,PA House 163
1,82,205,,0.000000,,,,,,PA House 164
1,82,217,,0.000000,,,,,,PA Congressional 1
1,82,226,,0.000000,,,,,,PA Congressional 7
1,82,234,,0.000000,,,,,,PA Senatorial 8
1,82,248,,0.000000,,,,,,PA Senatorial 26
1,82,250,,0.000000,,,,,,PA Senatorial 17
1,82,252,,0.000000,,,,,,PA Senatorial 1
