Join_Count,TARGET_FID,JOIN_FID,ROUTE,OWL,MODE,DIVISION,DISTRICT,DISTRICT_2,TYPE,District_1
1,64,0,,0.000000,,,,,,Phila City Council 8
1,64,3,,0.000000,,,,,,Phila City Council 7
1,64,4,,0.000000,,,,,,Phila City Council 9
1,64,5,,0.000000,,,,,,Phila City Council 6
1,64,7,,0.000000,,,,,,Phila City Council 5
1,64,154,,0.000000,,,,,,PA House 198
1,64,157,,0.000000,,,,,,PA House 202
1,64,190,,0.000000,,,,,,PA House 179
1,64,207,,0.000000,,,,,,PA House 177
1,64,210,,0.000000,,,,,,PA House 180
1,64,217,,0.000000,,,,,,PA Congressional 1
1,64,218,,0.000000,,,,,,PA Congressional 2
1,64,227,,0.000000,,,,,,PA Congressional 13
1,64,235,,0.000000,,,,,,PA Senatorial 4
1,64,236,,0.000000,,,,,,PA Senatorial 3
1,64,253,,0.000000,,,,,,PA Senatorial 2
