Join_Count,TARGET_FID,JOIN_FID,ROUTE,OWL,MODE,DIVISION,DISTRICT,DISTRICT_2,TYPE,District_1
1,18,0,,0.000000,,,,,,Phila City Council 8
1,18,2,,0.000000,,,,,,Phila City Council 10
1,18,4,,0.000000,,,,,,Phila City Council 9
1,18,153,,0.000000,,,,,,PA House 200
1,18,154,,0.000000,,,,,,PA House 198
1,18,155,,0.000000,,,,,,PA House 201
1,18,156,,0.000000,,,,,,PA House 203
1,18,157,,0.000000,,,,,,PA House 202
1,18,158,,0.000000,,,,,,PA House 170
1,18,163,,0.000000,,,,,,PA House 154
1,18,165,,0.000000,,,,,,PA House 172
1,18,217,,0.000000,,,,,,PA Congressional 1
1,18,218,,0.000000,,,,,,PA Congressional 2
1,18,227,,0.000000,,,,,,PA Congressional 13
1,18,235,,0.000000,,,,,,PA Senatorial 4
1,18,236,,0.000000,,,,,,PA Senatorial 3
1,18,253,,0.000000,,,,,,PA Senatorial 2
