Join_Count,TARGET_FID,JOIN_FID,ROUTE,OWL,MODE,DIVISION,DISTRICT,DISTRICT_2,TYPE,District_1
1,108,1,,0.000000,,,,,,Phila City Council 4
1,108,7,,0.000000,,,,,,Phila City Council 5
1,108,9,,0.000000,,,,,,Phila City Council 1
1,108,187,,0.000000,,,,,,PA House 194
1,108,188,,0.000000,,,,,,PA House 197
1,108,192,,0.000000,,,,,,PA House 190
1,108,194,,0.000000,,,,,,PA House 195
1,108,196,,0.000000,,,,,,PA House 181
1,108,206,,0.000000,,,,,,PA House 175
1,108,211,,0.000000,,,,,,PA House 182
1,108,217,,0.000000,,,,,,PA Congressional 1
1,108,218,,0.000000,,,,,,PA Congressional 2
1,108,233,,0.000000,,,,,,PA Senatorial 7
1,108,236,,0.000000,,,,,,PA Senatorial 3
1,108,252,,0.000000,,,,,,PA Senatorial 1
