Join_Count,TARGET_FID,JOIN_FID,ROUTE,OWL,MODE,DIVISION,DISTRICT,DISTRICT_2,TYPE,District_1
1,105,0,,0.000000,,,,,,Phila City Council 8
1,105,3,,0.000000,,,,,,Phila City Council 7
1,105,4,,0.000000,,,,,,Phila City Council 9
1,105,6,,0.000000,,,,,,Phila City Council 2
1,105,7,,0.000000,,,,,,Phila City Council 5
1,105,9,,0.000000,,,,,,Phila City Council 1
1,105,154,,0.000000,,,,,,PA House 198
1,105,155,,0.000000,,,,,,PA House 201
1,105,157,,0.000000,,,,,,PA House 202
1,105,188,,0.000000,,,,,,PA House 197
1,105,190,,0.000000,,,,,,PA House 179
1,105,196,,0.000000,,,,,,PA House 181
1,105,198,,0.000000,,,,,,PA House 184
1,105,199,,0.000000,,,,,,PA House 185
1,105,206,,0.000000,,,,,,PA House 175
1,105,211,,0.000000,,,,,,PA House 182
1,105,212,,0.000000,,,,,,PA House 186
1,105,217,,0.000000,,,,,,PA Congressional 1
1,105,218,,0.000000,,,,,,PA Congressional 2
1,105,234,,0.000000,,,,,,PA Senatorial 8
1,105,235,,0.000000,,,,,,PA Senatorial 4
1,105,236,,0.000000,,,,,,PA Senatorial 3
1,105,252,,0.000000,,,,,,PA Senatorial 1
