Join_Count,TARGET_FID,JOIN_FID,ROUTE,OWL,MODE,DIVISION,DISTRICT,DISTRICT_2,TYPE,District_1
1,2,1,,0.000000,,,,,,Phila City Council 4
1,2,6,,0.000000,,,,,,Phila City Council 2
1,2,7,,0.000000,,,,,,Phila City Council 5
1,2,8,,0.000000,,,,,,Phila City Council 3
1,2,187,,0.000000,,,,,,PA House 194
1,2,191,,0.000000,,,,,,PA House 192
1,2,192,,0.000000,,,,,,PA House 190
1,2,193,,0.000000,,,,,,PA House 188
1,2,194,,0.000000,,,,,,PA House 195
1,2,211,,0.000000,,,,,,PA House 182
1,2,217,,0.000000,,,,,,PA Congressional 1
1,2,218,,0.000000,,,,,,PA Congressional 2
1,2,233,,0.000000,,,,,,PA Senatorial 7
1,2,252,,0.000000,,,,,,PA Senatorial 1
