Join_Count,TARGET_FID,JOIN_FID,ROUTE,OWL,MODE,DIVISION,DISTRICT,DISTRICT_2,TYPE,District_1
1,27,3,,0.000000,,,,,,Phila City Council 7
1,27,5,,0.000000,,,,,,Phila City Council 6
1,27,7,,0.000000,,,,,,Phila City Council 5
1,27,9,,0.000000,,,,,,Phila City Council 1
1,27,164,,0.000000,,,,,,PA House 173
1,27,190,,0.000000,,,,,,PA House 179
1,27,196,,0.000000,,,,,,PA House 181
1,27,198,,0.000000,,,,,,PA House 184
1,27,206,,0.000000,,,,,,PA House 175
1,27,207,,0.000000,,,,,,PA House 177
1,27,217,,0.000000,,,,,,PA Congressional 1
1,27,227,,0.000000,,,,,,PA Congressional 13
1,27,252,,0.000000,,,,,,PA Senatorial 1
1,27,253,,0.000000,,,,,,PA Senatorial 2
1,27,254,,0.000000,,,,,,PA Senatorial 5
