Join_Count,TARGET_FID,JOIN_FID,ROUTE,OWL,MODE,DIVISION,DISTRICT,DISTRICT_2,TYPE,District_1
1,50,2,,0.000000,,,,,,Phila City Council 10
1,50,3,,0.000000,,,,,,Phila City Council 7
1,50,5,,0.000000,,,,,,Phila City Council 6
1,50,92,,0.000000,,,,,,PA House 142
1,50,138,,0.000000,,,,,,PA House 152
1,50,157,,0.000000,,,,,,PA House 202
1,50,158,,0.000000,,,,,,PA House 170
1,50,160,,0.000000,,,,,,PA House 18
1,50,161,,0.000000,,,,,,PA House 169
1,50,165,,0.000000,,,,,,PA House 172
1,50,190,,0.000000,,,,,,PA House 179
1,50,208,,0.000000,,,,,,PA House 174
1,50,217,,0.000000,,,,,,PA Congressional 1
1,50,220,,0.000000,,,,,,PA Congressional 8
1,50,227,,0.000000,,,,,,PA Congressional 13
1,50,253,,0.000000,,,,,,PA Senatorial 2
1,50,254,,0.000000,,,,,,PA Senatorial 5
1,50,255,,0.000000,,,,,,PA Senatorial 6
