Join_Count,TARGET_FID,JOIN_FID,ROUTE,OWL,MODE,DIVISION,DISTRICT,DISTRICT_2,TYPE,District_1
1,38,6,,0.000000,,,,,,Phila City Council 2
1,38,7,,0.000000,,,,,,Phila City Council 5
1,38,8,,0.000000,,,,,,Phila City Council 3
1,38,193,,0.000000,,,,,,PA House 188
1,38,197,,0.000000,,,,,,PA House 191
1,38,199,,0.000000,,,,,,PA House 185
1,38,211,,0.000000,,,,,,PA House 182
1,38,212,,0.000000,,,,,,PA House 186
1,38,217,,0.000000,,,,,,PA Congressional 1
1,38,218,,0.000000,,,,,,PA Congressional 2
1,38,233,,0.000000,,,,,,PA Senatorial 7
1,38,234,,0.000000,,,,,,PA Senatorial 8
1,38,252,,0.000000,,,,,,PA Senatorial 1
