Join_Count,TARGET_FID,JOIN_FID,ROUTE,OWL,MODE,DIVISION,DISTRICT,DISTRICT_2,TYPE,District_1
1,24,1,,0.000000,,,,,,Phila City Council 4
1,24,6,,0.000000,,,,,,Phila City Council 2
1,24,7,,0.000000,,,,,,Phila City Council 5
1,24,8,,0.000000,,,,,,Phila City Council 3
1,24,9,,0.000000,,,,,,Phila City Council 1
1,24,191,,0.000000,,,,,,PA House 192
1,24,192,,0.000000,,,,,,PA House 190
1,24,193,,0.000000,,,,,,PA House 188
1,24,197,,0.000000,,,,,,PA House 191
1,24,205,,0.000000,,,,,,PA House 164
1,24,206,,0.000000,,,,,,PA House 175
1,24,211,,0.000000,,,,,,PA House 182
1,24,217,,0.000000,,,,,,PA Congressional 1
1,24,218,,0.000000,,,,,,PA Congressional 2
1,24,226,,0.000000,,,,,,PA Congressional 7
1,24,233,,0.000000,,,,,,PA Senatorial 7
1,24,234,,0.000000,,,,,,PA Senatorial 8
1,24,248,,0.000000,,,,,,PA Senatorial 26
1,24,252,,0.000000,,,,,,PA Senatorial 1
