Join_Count,TARGET_FID,JOIN_FID,ROUTE,OWL,MODE,DIVISION,DISTRICT,DISTRICT_2,TYPE,District_1
1,47,0,,0.000000,,,,,,Phila City Council 8
1,47,1,,0.000000,,,,,,Phila City Council 4
1,47,3,,0.000000,,,,,,Phila City Council 7
1,47,7,,0.000000,,,,,,Phila City Council 5
1,47,9,,0.000000,,,,,,Phila City Council 1
1,47,188,,0.000000,,,,,,PA House 197
1,47,192,,0.000000,,,,,,PA House 190
1,47,196,,0.000000,,,,,,PA House 181
1,47,206,,0.000000,,,,,,PA House 175
1,47,207,,0.000000,,,,,,PA House 177
1,47,210,,0.000000,,,,,,PA House 180
1,47,217,,0.000000,,,,,,PA Congressional 1
1,47,218,,0.000000,,,,,,PA Congressional 2
1,47,233,,0.000000,,,,,,PA Senatorial 7
1,47,236,,0.000000,,,,,,PA Senatorial 3
1,47,252,,0.000000,,,,,,PA Senatorial 1
1,47,253,,0.000000,,,,,,PA Senatorial 2
