Join_Count,TARGET_FID,JOIN_FID,ROUTE,OWL,MODE,DIVISION,DISTRICT,DISTRICT_2,TYPE,District_1
1,112,6,,0.000000,,,,,,Phila City Council 2
1,112,7,,0.000000,,,,,,Phila City Council 5
1,112,9,,0.000000,,,,,,Phila City Council 1
1,112,196,,0.000000,,,,,,PA House 181
1,112,198,,0.000000,,,,,,PA House 184
1,112,206,,0.000000,,,,,,PA House 175
1,112,211,,0.000000,,,,,,PA House 182
1,112,212,,0.000000,,,,,,PA House 186
1,112,217,,0.000000,,,,,,PA Congressional 1
1,112,252,,0.000000,,,,,,PA Senatorial 1
