Join_Count,TARGET_FID,JOIN_FID,ROUTE,OWL,MODE,DIVISION,DISTRICT,DISTRICT_2,TYPE,District_1
1,102,1,,0.000000,,,,,,Phila City Council 4
1,102,6,,0.000000,,,,,,Phila City Council 2
1,102,7,,0.000000,,,,,,Phila City Council 5
1,102,9,,0.000000,,,,,,Phila City Council 1
1,102,188,,0.000000,,,,,,PA House 197
1,102,192,,0.000000,,,,,,PA House 190
1,102,194,,0.000000,,,,,,PA House 195
1,102,198,,0.000000,,,,,,PA House 184
1,102,199,,0.000000,,,,,,PA House 185
1,102,211,,0.000000,,,,,,PA House 182
1,102,212,,0.000000,,,,,,PA House 186
1,102,217,,0.000000,,,,,,PA Congressional 1
1,102,218,,0.000000,,,,,,PA Congressional 2
1,102,233,,0.000000,,,,,,PA Senatorial 7
1,102,234,,0.000000,,,,,,PA Senatorial 8
1,102,236,,0.000000,,,,,,PA Senatorial 3
1,102,252,,0.000000,,,,,,PA Senatorial 1
