Join_Count,TARGET_FID,JOIN_FID,ROUTE,OWL,MODE,DIVISION,DISTRICT,DISTRICT_2,TYPE,District_1
1,100,1,,0.000000,,,,,,Phila City Council 4
1,100,6,,0.000000,,,,,,Phila City Council 2
1,100,7,,0.000000,,,,,,Phila City Council 5
1,100,8,,0.000000,,,,,,Phila City Council 3
1,100,9,,0.000000,,,,,,Phila City Council 1
1,100,79,,0.000000,,,,,,PA House 148
1,100,80,,0.000000,,,,,,PA House 149
1,100,187,,0.000000,,,,,,PA House 194
1,100,192,,0.000000,,,,,,PA House 190
1,100,193,,0.000000,,,,,,PA House 188
1,100,194,,0.000000,,,,,,PA House 195
1,100,206,,0.000000,,,,,,PA House 175
1,100,211,,0.000000,,,,,,PA House 182
1,100,217,,0.000000,,,,,,PA Congressional 1
1,100,218,,0.000000,,,,,,PA Congressional 2
1,100,226,,0.000000,,,,,,PA Congressional 7
1,100,228,,0.000000,,,,,,PA Congressional 6
1,100,233,,0.000000,,,,,,PA Senatorial 7
1,100,250,,0.000000,,,,,,PA Senatorial 17
1,100,252,,0.000000,,,,,,PA Senatorial 1
