Join_Count,TARGET_FID,JOIN_FID,ROUTE,OWL,MODE,DIVISION,DISTRICT,DISTRICT_2,TYPE,District_1
1,111,3,,0.000000,,,,,,Phila City Council 7
1,111,4,,0.000000,,,,,,Phila City Council 9
1,111,6,,0.000000,,,,,,Phila City Council 2
1,111,7,,0.000000,,,,,,Phila City Council 5
1,111,9,,0.000000,,,,,,Phila City Council 1
1,111,154,,0.000000,,,,,,PA House 198
1,111,156,,0.000000,,,,,,PA House 203
1,111,157,,0.000000,,,,,,PA House 202
1,111,190,,0.000000,,,,,,PA House 179
1,111,196,,0.000000,,,,,,PA House 181
1,111,198,,0.000000,,,,,,PA House 184
1,111,206,,0.000000,,,,,,PA House 175
1,111,210,,0.000000,,,,,,PA House 180
1,111,211,,0.000000,,,,,,PA House 182
1,111,217,,0.000000,,,,,,PA Congressional 1
1,111,218,,0.000000,,,,,,PA Congressional 2
1,111,236,,0.000000,,,,,,PA Senatorial 3
1,111,252,,0.000000,,,,,,PA Senatorial 1
1,111,253,,0.000000,,,,,,PA Senatorial 2
