Join_Count,TARGET_FID,JOIN_FID,ROUTE,OWL,MODE,DIVISION,DISTRICT,DISTRICT_2,TYPE,District_1
1,35,0,,0.000000,,,,,,Phila City Council 8
1,35,7,,0.000000,,,,,,Phila City Council 5
1,35,9,,0.000000,,,,,,Phila City Council 1
1,35,154,,0.000000,,,,,,PA House 198
1,35,188,,0.000000,,,,,,PA House 197
1,35,194,,0.000000,,,,,,PA House 195
1,35,196,,0.000000,,,,,,PA House 181
1,35,206,,0.000000,,,,,,PA House 175
1,35,211,,0.000000,,,,,,PA House 182
1,35,217,,0.000000,,,,,,PA Congressional 1
1,35,218,,0.000000,,,,,,PA Congressional 2
1,35,236,,0.000000,,,,,,PA Senatorial 3
1,35,252,,0.000000,,,,,,PA Senatorial 1
