Join_Count,TARGET_FID,JOIN_FID,ROUTE,OWL,MODE,DIVISION,DISTRICT,DISTRICT_2,TYPE,District_1
1,32,1,,0.000000,,,,,,Phila City Council 4
1,32,6,,0.000000,,,,,,Phila City Council 2
1,32,7,,0.000000,,,,,,Phila City Council 5
1,32,8,,0.000000,,,,,,Phila City Council 3
1,32,9,,0.000000,,,,,,Phila City Council 1
1,32,191,,0.000000,,,,,,PA House 192
1,32,192,,0.000000,,,,,,PA House 190
1,32,193,,0.000000,,,,,,PA House 188
1,32,194,,0.000000,,,,,,PA House 195
1,32,197,,0.000000,,,,,,PA House 191
1,32,211,,0.000000,,,,,,PA House 182
1,32,217,,0.000000,,,,,,PA Congressional 1
1,32,218,,0.000000,,,,,,PA Congressional 2
1,32,233,,0.000000,,,,,,PA Senatorial 7
1,32,234,,0.000000,,,,,,PA Senatorial 8
1,32,252,,0.000000,,,,,,PA Senatorial 1
