Join_Count,TARGET_FID,JOIN_FID,ROUTE,OWL,MODE,DIVISION,DISTRICT,DISTRICT_2,TYPE,District_1
1,9,81,,0.000000,,,,,,PA House 166
1,9,82,,0.000000,,,,,,PA House 165
1,9,83,,0.000000,,,,,,PA House 168
1,9,84,,0.000000,,,,,,PA House 160
1,9,189,,0.000000,,,,,,PA House 161
1,9,204,,0.000000,,,,,,PA House 167
1,9,205,,0.000000,,,,,,PA House 164
1,9,226,,0.000000,,,,,,PA Congressional 7
1,9,241,,0.000000,,,,,,PA Senatorial 19
1,9,244,,0.000000,,,,,,PA Senatorial 9
1,9,248,,0.000000,,,,,,PA Senatorial 26
1,9,250,,0.000000,,,,,,PA Senatorial 17
