Join_Count,TARGET_FID,JOIN_FID,ROUTE,OWL,MODE,DIVISION,DISTRICT,DISTRICT_2,TYPE,District_1
1,45,2,,0.000000,,,,,,Phila City Council 10
1,45,3,,0.000000,,,,,,Phila City Council 7
1,45,5,,0.000000,,,,,,Phila City Council 6
1,45,158,,0.000000,,,,,,PA House 170
1,45,160,,0.000000,,,,,,PA House 18
1,45,161,,0.000000,,,,,,PA House 169
1,45,164,,0.000000,,,,,,PA House 173
1,45,165,,0.000000,,,,,,PA House 172
1,45,190,,0.000000,,,,,,PA House 179
1,45,208,,0.000000,,,,,,PA House 174
1,45,217,,0.000000,,,,,,PA Congressional 1
1,45,220,,0.000000,,,,,,PA Congressional 8
1,45,227,,0.000000,,,,,,PA Congressional 13
1,45,253,,0.000000,,,,,,PA Senatorial 2
1,45,254,,0.000000,,,,,,PA Senatorial 5
1,45,255,,0.000000,,,,,,PA Senatorial 6
