Join_Count,TARGET_FID,JOIN_FID,ROUTE,OWL,MODE,DIVISION,DISTRICT,DISTRICT_2,TYPE,District_1
1,80,0,,0.000000,,,,,,Phila City Council 8
1,80,1,,0.000000,,,,,,Phila City Council 4
1,80,3,,0.000000,,,,,,Phila City Council 7
1,80,4,,0.000000,,,,,,Phila City Council 9
1,80,5,,0.000000,,,,,,Phila City Council 6
1,80,7,,0.000000,,,,,,Phila City Council 5
1,80,154,,0.000000,,,,,,PA House 198
1,80,157,,0.000000,,,,,,PA House 202
1,80,187,,0.000000,,,,,,PA House 194
1,80,188,,0.000000,,,,,,PA House 197
1,80,190,,0.000000,,,,,,PA House 179
1,80,192,,0.000000,,,,,,PA House 190
1,80,196,,0.000000,,,,,,PA House 181
1,80,207,,0.000000,,,,,,PA House 177
1,80,210,,0.000000,,,,,,PA House 180
1,80,217,,0.000000,,,,,,PA Congressional 1
1,80,218,,0.000000,,,,,,PA Congressional 2
1,80,227,,0.000000,,,,,,PA Congressional 13
1,80,233,,0.000000,,,,,,PA Senatorial 7
1,80,236,,0.000000,,,,,,PA Senatorial 3
1,80,252,,0.000000,,,,,,PA Senatorial 1
1,80,253,,0.000000,,,,,,PA Senatorial 2
