Join_Count,TARGET_FID,JOIN_FID,ROUTE,OWL,MODE,DIVISION,DISTRICT,DISTRICT_2,TYPE,District_1
1,17,79,,0.000000,,,,,,PA House 148
1,17,92,,0.000000,,,,,,PA House 142
1,17,101,,0.000000,,,,,,PA House 61
1,17,135,,0.000000,,,,,,PA House 151
1,17,136,,0.000000,,,,,,PA House 153
1,17,138,,0.000000,,,,,,PA House 152
1,17,160,,0.000000,,,,,,PA House 18
1,17,171,,0.000000,,,,,,PA House 29
1,17,209,,0.000000,,,,,,PA House 178
1,17,220,,0.000000,,,,,,PA Congressional 8
1,17,227,,0.000000,,,,,,PA Congressional 13
1,17,228,,0.000000,,,,,,PA Congressional 6
1,17,233,,0.000000,,,,,,PA Senatorial 7
1,17,250,,0.000000,,,,,,PA Senatorial 17
1,17,251,,0.000000,,,,,,PA Senatorial 12
1,17,255,,0.000000,,,,,,PA Senatorial 6
