Join_Count,TARGET_FID,JOIN_FID,ROUTE,OWL,MODE,DIVISION,DISTRICT,DISTRICT_2,TYPE,District_1
1,81,0,,0.000000,,,,,,Phila City Council 8
1,81,1,,0.000000,,,,,,Phila City Council 4
1,81,4,,0.000000,,,,,,Phila City Council 9
1,81,7,,0.000000,,,,,,Phila City Council 5
1,81,153,,0.000000,,,,,,PA House 200
1,81,154,,0.000000,,,,,,PA House 198
1,81,155,,0.000000,,,,,,PA House 201
1,81,156,,0.000000,,,,,,PA House 203
1,81,163,,0.000000,,,,,,PA House 154
1,81,188,,0.000000,,,,,,PA House 197
1,81,196,,0.000000,,,,,,PA House 181
1,81,217,,0.000000,,,,,,PA Congressional 1
1,81,218,,0.000000,,,,,,PA Congressional 2
1,81,233,,0.000000,,,,,,PA Senatorial 7
1,81,235,,0.000000,,,,,,PA Senatorial 4
1,81,236,,0.000000,,,,,,PA Senatorial 3
