Join_Count,TARGET_FID,JOIN_FID,ROUTE,OWL,MODE,DIVISION,DISTRICT,DISTRICT_2,TYPE,District_1
1,65,0,,0.000000,,,,,,Phila City Council 8
1,65,4,,0.000000,,,,,,Phila City Council 9
1,65,135,,0.000000,,,,,,PA House 151
1,65,136,,0.000000,,,,,,PA House 153
1,65,138,,0.000000,,,,,,PA House 152
1,65,153,,0.000000,,,,,,PA House 200
1,65,155,,0.000000,,,,,,PA House 201
1,65,156,,0.000000,,,,,,PA House 203
1,65,157,,0.000000,,,,,,PA House 202
1,65,163,,0.000000,,,,,,PA House 154
1,65,217,,0.000000,,,,,,PA Congressional 1
1,65,218,,0.000000,,,,,,PA Congressional 2
1,65,220,,0.000000,,,,,,PA Congressional 8
1,65,227,,0.000000,,,,,,PA Congressional 13
1,65,235,,0.000000,,,,,,PA Senatorial 4
1,65,236,,0.000000,,,,,,PA Senatorial 3
1,65,251,,0.000000,,,,,,PA Senatorial 12
