Join_Count,TARGET_FID,JOIN_FID,ROUTE,OWL,MODE,DIVISION,DISTRICT,DISTRICT_2,TYPE,District_1
1,84,80,,0.000000,,,,,,PA House 149
1,84,83,,0.000000,,,,,,PA House 168
1,84,93,,0.000000,,,,,,PA House 156
1,84,98,,0.000000,,,,,,PA House 157
1,84,204,,0.000000,,,,,,PA House 167
1,84,225,,0.000000,,,,,,PA Congressional 16
1,84,226,,0.000000,,,,,,PA Congressional 7
1,84,228,,0.000000,,,,,,PA Congressional 6
1,84,241,,0.000000,,,,,,PA Senatorial 19
1,84,248,,0.000000,,,,,,PA Senatorial 26
1,84,250,,0.000000,,,,,,PA Senatorial 17
