Join_Count,TARGET_FID,JOIN_FID,ROUTE,OWL,MODE,DIVISION,DISTRICT,DISTRICT_2,TYPE,District_1
1,40,1,,0.000000,,,,,,Phila City Council 4
1,40,3,,0.000000,,,,,,Phila City Council 7
1,40,7,,0.000000,,,,,,Phila City Council 5
1,40,9,,0.000000,,,,,,Phila City Council 1
1,40,188,,0.000000,,,,,,PA House 197
1,40,192,,0.000000,,,,,,PA House 190
1,40,194,,0.000000,,,,,,PA House 195
1,40,196,,0.000000,,,,,,PA House 181
1,40,206,,0.000000,,,,,,PA House 175
1,40,207,,0.000000,,,,,,PA House 177
1,40,210,,0.000000,,,,,,PA House 180
1,40,217,,0.000000,,,,,,PA Congressional 1
1,40,218,,0.000000,,,,,,PA Congressional 2
1,40,233,,0.000000,,,,,,PA Senatorial 7
1,40,236,,0.000000,,,,,,PA Senatorial 3
1,40,252,,0.000000,,,,,,PA Senatorial 1
1,40,253,,0.000000,,,,,,PA Senatorial 2
