Join_Count,TARGET_FID,JOIN_FID,ROUTE,OWL,MODE,DIVISION,DISTRICT,DISTRICT_2,TYPE,District_1
1,133,2,,0.000000,,,,,,Phila City Council 10
1,133,92,,0.000000,,,,,,PA House 142
1,133,134,,0.000000,,,,,,PA House 140
1,133,158,,0.000000,,,,,,PA House 170
1,133,159,,0.000000,,,,,,PA House 141
1,133,160,,0.000000,,,,,,PA House 18
1,133,161,,0.000000,,,,,,PA House 169
1,133,220,,0.000000,,,,,,PA Congressional 8
1,133,227,,0.000000,,,,,,PA Congressional 13
1,133,254,,0.000000,,,,,,PA Senatorial 5
1,133,255,,0.000000,,,,,,PA Senatorial 6
